代码,名称,最新价,涨跌额,涨跌幅,成交量,成交额,持仓量,行权价,剩余日,日增,昨结,今开,市场标识,时间价值,内在价值,隐含波动率,理论价格,标的名称,标的最新价,标的近一年波动率,到期日,杠杆比率,实际杠杆比率,Delta,Gamma,Vega,Rho,Theta
10009602,科创板50沽8月1250,,,,,,,1.25,54.0,,,,10,0.0,0.24,0.0,,科创板50ETF,1.01,41.24,2025-08-27,0.0,0.0,0.0,0.0,0.0,0.0,0.0
10009601,科创板50购8月1250,,,,,,,1.25,54.0,,,,10,0.0,0.0,0.0,,科创板50ETF,1.01,41.24,2025-08-27,0.0,0.0,0.0,0.0,0.0,0.0,0.0
10009600,50ETF沽8月2600,,,,,,,2.6,54.0,,,,10,0.0,0.0,0.0,,上证50ETF,2.836,20.46,2025-08-27,0.0,0.0,0.0,0.0,0.0,0.0,0.0
10009599,50ETF购8月2600,,,,,,,2.6,54.0,,,,10,0.0,0.236,0.0,,上证50ETF,2.836,20.46,2025-08-27,0.0,0.0,0.0,0.0,0.0,0.0,0.0
10009598,科创板50沽8月1200,,,,,,,1.2,54.0,,0.1949,,10,0.0,0.19,0.0,,科创板50ETF,1.01,41.24,2025-08-27,0.0,0.0,0.0,0.0,0.0,0.0,0.0
10009597,科创板50沽8月1150,,,,,,,1.15,54.0,,0.1481,,10,0.0,0.14,0.0,,科创板50ETF,1.01,41.24,2025-08-27,0.0,0.0,0.0,0.0,0.0,0.0,0.0
10009596,科创板50沽8月1100,,,,,,,1.1,54.0,,0.1045,,10,0.0,0.09,0.0,,科创板50ETF,1.01,41.24,2025-08-27,0.0,0.0,0.0,0.0,0.0,0.0,0.0
10009595,科创板50沽8月1050,,,,,,,1.05,54.0,,0.0636,,10,0.0,0.04,0.0,,科创板50ETF,1.01,41.24,2025-08-27,0.0,0.0,0.0,0.0,0.0,0.0,0.0
10009594,科创板50沽8月1000,,,,,,,1.0,54.0,,0.0323,,10,0.0,0.0,0.0,,科创板50ETF,1.01,41.24,2025-08-27,0.0,0.0,0.0,0.0,0.0,0.0,0.0
10009593,科创板50沽8月950,,,,,,,0.95,54.0,,0.0145,,10,0.0,0.0,0.0,,科创板50ETF,1.01,41.24,2025-08-27,0.0,0.0,0.0,0.0,0.0,0.0,0.0
10009592,科创板50沽8月900,,,,,,,0.9,54.0,,0.005,,10,0.0,0.0,0.0,,科创板50ETF,1.01,41.24,2025-08-27,0.0,0.0,0.0,0.0,0.0,0.0,0.0
10009591,科创板50沽8月850,,,,,,,0.85,54.0,,0.0022,,10,0.0,0.0,0.0,,科创板50ETF,1.01,41.24,2025-08-27,0.0,0.0,0.0,0.0,0.0,0.0,0.0
10009590,科创板50沽8月800,,,,,,,0.8,54.0,,0.0011,,10,0.0,0.0,0.0,,科创板50ETF,1.01,41.24,2025-08-27,0.0,0.0,0.0,0.0,0.0,0.0,0.0
10009589,科创板50购8月1200,,,,,,,1.2,54.0,,0.006,,10,0.0,0.0,0.0,,科创板50ETF,1.01,41.24,2025-08-27,0.0,0.0,0.0,0.0,0.0,0.0,0.0
10009588,科创板50购8月1150,,,,,,,1.15,54.0,,0.0083,,10,0.0,0.0,0.0,,科创板50ETF,1.01,41.24,2025-08-27,0.0,0.0,0.0,0.0,0.0,0.0,0.0
10009587,科创板50购8月1100,,,,,,,1.1,54.0,,0.0128,,10,0.0,0.0,0.0,,科创板50ETF,1.01,41.24,2025-08-27,0.0,0.0,0.0,0.0,0.0,0.0,0.0
10009586,科创板50购8月1050,,,,,,,1.05,54.0,,0.022,,10,0.0,0.0,0.0,,科创板50ETF,1.01,41.24,2025-08-27,0.0,0.0,0.0,0.0,0.0,0.0,0.0
10009585,科创板50购8月1000,,,,,,,1.0,54.0,,0.0402,,10,0.0,0.01,0.0,,科创板50ETF,1.01,41.24,2025-08-27,0.0,0.0,0.0,0.0,0.0,0.0,0.0
10009584,科创板50购8月950,,,,,,,0.95,54.0,,0.0724,,10,0.0,0.06,0.0,,科创板50ETF,1.01,41.24,2025-08-27,0.0,0.0,0.0,0.0,0.0,0.0,0.0
10009583,科创板50购8月900,,,,,,,0.9,54.0,,0.116,,10,0.0,0.11,0.0,,科创板50ETF,1.01,41.24,2025-08-27,0.0,0.0,0.0,0.0,0.0,0.0,0.0
10009582,科创板50购8月850,,,,,,,0.85,54.0,,0.166,,10,0.0,0.16,0.0,,科创板50ETF,1.01,41.24,2025-08-27,0.0,0.0,0.0,0.0,0.0,0.0,0.0
10009581,科创板50购8月800,,,,,,,0.8,54.0,,0.216,,10,0.0,0.21,0.0,,科创板50ETF,1.01,41.24,2025-08-27,0.0,0.0,0.0,0.0,0.0,0.0,0.0
10009580,科创50沽8月1250,,,,,,,1.25,54.0,,0.2193,,10,0.0,0.215,0.0,,科创50ETF,1.035,41.89,2025-08-27,0.0,0.0,0.0,0.0,0.0,0.0,0.0
10009579,科创50沽8月1200,,,,,,,1.2,54.0,,0.1725,,10,0.0,0.165,0.0,,科创50ETF,1.035,41.89,2025-08-27,0.0,0.0,0.0,0.0,0.0,0.0,0.0
10009578,科创50沽8月1150,,,,,,,1.15,54.0,,0.1267,,10,0.0,0.115,0.0,,科创50ETF,1.035,41.89,2025-08-27,0.0,0.0,0.0,0.0,0.0,0.0,0.0
10009577,科创50沽8月1100,,,,,,,1.1,54.0,,0.082,,10,0.0,0.065,0.0,,科创50ETF,1.035,41.89,2025-08-27,0.0,0.0,0.0,0.0,0.0,0.0,0.0
10009576,科创50沽8月1050,,,,,,,1.05,54.0,,0.046,,10,0.0,0.015,0.0,,科创50ETF,1.035,41.89,2025-08-27,0.0,0.0,0.0,0.0,0.0,0.0,0.0
10009575,科创50沽8月1000,,,,,,,1.0,54.0,,0.021,,10,0.0,0.0,0.0,,科创50ETF,1.035,41.89,2025-08-27,0.0,0.0,0.0,0.0,0.0,0.0,0.0
10009574,科创50沽8月950,,,,,,,0.95,54.0,,0.0082,,10,0.0,0.0,0.0,,科创50ETF,1.035,41.89,2025-08-27,0.0,0.0,0.0,0.0,0.0,0.0,0.0
10009573,科创50沽8月900,,,,,,,0.9,54.0,,0.0035,,10,0.0,0.0,0.0,,科创50ETF,1.035,41.89,2025-08-27,0.0,0.0,0.0,0.0,0.0,0.0,0.0
10009572,科创50沽8月850,,,,,,,0.85,54.0,,0.0014,,10,0.0,0.0,0.0,,科创50ETF,1.035,41.89,2025-08-27,0.0,0.0,0.0,0.0,0.0,0.0,0.0
10009571,科创50购8月1250,,,,,,,1.25,54.0,,0.0052,,10,0.0,0.0,0.0,,科创50ETF,1.035,41.89,2025-08-27,0.0,0.0,0.0,0.0,0.0,0.0,0.0
10009570,科创50购8月1200,,,,,,,1.2,54.0,,0.0067,,10,0.0,0.0,0.0,,科创50ETF,1.035,41.89,2025-08-27,0.0,0.0,0.0,0.0,0.0,0.0,0.0
10009569,科创50购8月1150,,,,,,,1.15,54.0,,0.0101,,10,0.0,0.0,0.0,,科创50ETF,1.035,41.89,2025-08-27,0.0,0.0,0.0,0.0,0.0,0.0,0.0
10009568,科创50购8月1100,,,,,,,1.1,54.0,,0.0177,,10,0.0,0.0,0.0,,科创50ETF,1.035,41.89,2025-08-27,0.0,0.0,0.0,0.0,0.0,0.0,0.0
10009567,科创50购8月1050,,,,,,,1.05,54.0,,0.0314,,10,0.0,0.0,0.0,,科创50ETF,1.035,41.89,2025-08-27,0.0,0.0,0.0,0.0,0.0,0.0,0.0
10009566,科创50购8月1000,,,,,,,1.0,54.0,,0.0565,,10,0.0,0.035,0.0,,科创50ETF,1.035,41.89,2025-08-27,0.0,0.0,0.0,0.0,0.0,0.0,0.0
10009565,科创50购8月950,,,,,,,0.95,54.0,,0.0939,,10,0.0,0.085,0.0,,科创50ETF,1.035,41.89,2025-08-27,0.0,0.0,0.0,0.0,0.0,0.0,0.0
10009564,科创50购8月900,,,,,,,0.9,54.0,,0.141,,10,0.0,0.135,0.0,,科创50ETF,1.035,41.89,2025-08-27,0.0,0.0,0.0,0.0,0.0,0.0,0.0
10009563,科创50购8月850,,,,,,,0.85,54.0,,0.191,,10,0.0,0.185,0.0,,科创50ETF,1.035,41.89,2025-08-27,0.0,0.0,0.0,0.0,0.0,0.0,0.0
10009562,500ETF沽8月7000,,,,,,,7.0,54.0,,1.1679,,10,0.0,1.037,0.0,,中证500ETF,5.963,27.06,2025-08-27,0.0,0.0,0.0,0.0,0.0,0.0,0.0
10009561,500ETF沽8月6750,,,,,,,6.75,54.0,,0.9256,,10,0.0,0.787,0.0,,中证500ETF,5.963,27.06,2025-08-27,0.0,0.0,0.0,0.0,0.0,0.0,0.0
10009560,500ETF沽8月6500,,,,,,,6.5,54.0,,0.6887,,10,0.0,0.537,0.0,,中证500ETF,5.963,27.06,2025-08-27,0.0,0.0,0.0,0.0,0.0,0.0,0.0
10009559,500ETF沽8月6250,,,,,,,6.25,54.0,,0.4615,,10,0.0,0.287,0.0,,中证500ETF,5.963,27.06,2025-08-27,0.0,0.0,0.0,0.0,0.0,0.0,0.0
10009558,500ETF沽8月6000,,,,,,,6.0,54.0,,0.2697,,10,0.0,0.037,0.0,,中证500ETF,5.963,27.06,2025-08-27,0.0,0.0,0.0,0.0,0.0,0.0,0.0
10009557,500ETF沽8月5750,,,,,,,5.75,54.0,,0.1266,,10,0.0,0.0,0.0,,中证500ETF,5.963,27.06,2025-08-27,0.0,0.0,0.0,0.0,0.0,0.0,0.0
10009556,500ETF沽8月5500,,,,,,,5.5,54.0,,0.0504,,10,0.0,0.0,0.0,,中证500ETF,5.963,27.06,2025-08-27,0.0,0.0,0.0,0.0,0.0,0.0,0.0
10009555,500ETF沽8月5250,,,,,,,5.25,54.0,,0.0199,,10,0.0,0.0,0.0,,中证500ETF,5.963,27.06,2025-08-27,0.0,0.0,0.0,0.0,0.0,0.0,0.0
10009554,500ETF沽8月5000,,,,,,,5.0,54.0,,0.009,,10,0.0,0.0,0.0,,中证500ETF,5.963,27.06,2025-08-27,0.0,0.0,0.0,0.0,0.0,0.0,0.0
10009553,500ETF购8月7000,,,,,,,7.0,54.0,,0.0102,,10,0.0,0.0,0.0,,中证500ETF,5.963,27.06,2025-08-27,0.0,0.0,0.0,0.0,0.0,0.0,0.0
10009552,500ETF购8月6750,,,,,,,6.75,54.0,,0.0163,,10,0.0,0.0,0.0,,中证500ETF,5.963,27.06,2025-08-27,0.0,0.0,0.0,0.0,0.0,0.0,0.0
10009551,500ETF购8月6500,,,,,,,6.5,54.0,,0.0279,,10,0.0,0.0,0.0,,中证500ETF,5.963,27.06,2025-08-27,0.0,0.0,0.0,0.0,0.0,0.0,0.0
10009550,500ETF购8月6250,,,,,,,6.25,54.0,,0.0515,,10,0.0,0.0,0.0,,中证500ETF,5.963,27.06,2025-08-27,0.0,0.0,0.0,0.0,0.0,0.0,0.0
10009549,500ETF购8月6000,,,,,,,6.0,54.0,,0.1051,,10,0.0,0.0,0.0,,中证500ETF,5.963,27.06,2025-08-27,0.0,0.0,0.0,0.0,0.0,0.0,0.0
10009548,500ETF购8月5750,,,,,,,5.75,54.0,,0.2093,,10,0.0,0.213,0.0,,中证500ETF,5.963,27.06,2025-08-27,0.0,0.0,0.0,0.0,0.0,0.0,0.0
10009547,500ETF购8月5500,,,,,,,5.5,54.0,,0.3884,,10,0.0,0.463,0.0,,中证500ETF,5.963,27.06,2025-08-27,0.0,0.0,0.0,0.0,0.0,0.0,0.0
10009546,500ETF购8月5250,,,,,,,5.25,54.0,,0.638,,10,0.0,0.713,0.0,,中证500ETF,5.963,27.06,2025-08-27,0.0,0.0,0.0,0.0,0.0,0.0,0.0
10009545,500ETF购8月5000,,,,,,,5.0,54.0,,0.888,,10,0.0,0.963,0.0,,中证500ETF,5.963,27.06,2025-08-27,0.0,0.0,0.0,0.0,0.0,0.0,0.0
10009544,300ETF沽8月4400,,,,,,,4.4,54.0,,0.4206,,10,0.0,0.368,0.0,,沪深300ETF,4.032,23.52,2025-08-27,0.0,0.0,0.0,0.0,0.0,0.0,0.0
10009543,300ETF沽8月4300,,,,,,,4.3,54.0,,0.3296,,10,0.0,0.268,0.0,,沪深300ETF,4.032,23.52,2025-08-27,0.0,0.0,0.0,0.0,0.0,0.0,0.0
10009542,300ETF沽8月4200,,,,,,,4.2,54.0,,0.2432,,10,0.0,0.168,0.0,,沪深300ETF,4.032,23.52,2025-08-27,0.0,0.0,0.0,0.0,0.0,0.0,0.0
10009541,300ETF沽8月4100,,,,,,,4.1,54.0,,0.166,,10,0.0,0.068,0.0,,沪深300ETF,4.032,23.52,2025-08-27,0.0,0.0,0.0,0.0,0.0,0.0,0.0
10009540,300ETF沽8月4000,,,,,,,4.0,54.0,,0.1026,,10,0.0,0.0,0.0,,沪深300ETF,4.032,23.52,2025-08-27,0.0,0.0,0.0,0.0,0.0,0.0,0.0
10009539,300ETF沽8月3900,,,,,,,3.9,54.0,,0.0563,,10,0.0,0.0,0.0,,沪深300ETF,4.032,23.52,2025-08-27,0.0,0.0,0.0,0.0,0.0,0.0,0.0
10009538,300ETF沽8月3800,,,,,,,3.8,54.0,,0.0275,,10,0.0,0.0,0.0,,沪深300ETF,4.032,23.52,2025-08-27,0.0,0.0,0.0,0.0,0.0,0.0,0.0
10009537,300ETF沽8月3700,,,,,,,3.7,54.0,,0.0132,,10,0.0,0.0,0.0,,沪深300ETF,4.032,23.52,2025-08-27,0.0,0.0,0.0,0.0,0.0,0.0,0.0
10009536,300ETF沽8月3600,,,,,,,3.6,54.0,,0.0068,,10,0.0,0.0,0.0,,沪深300ETF,4.032,23.52,2025-08-27,0.0,0.0,0.0,0.0,0.0,0.0,0.0
10009535,300ETF购8月4400,,,,,,,4.4,54.0,,0.015,,10,0.0,0.0,0.0,,沪深300ETF,4.032,23.52,2025-08-27,0.0,0.0,0.0,0.0,0.0,0.0,0.0
10009534,300ETF购8月4300,,,,,,,4.3,54.0,,0.0227,,10,0.0,0.0,0.0,,沪深300ETF,4.032,23.52,2025-08-27,0.0,0.0,0.0,0.0,0.0,0.0,0.0
10009533,300ETF购8月4200,,,,,,,4.2,54.0,,0.0352,,10,0.0,0.0,0.0,,沪深300ETF,4.032,23.52,2025-08-27,0.0,0.0,0.0,0.0,0.0,0.0,0.0
10009532,300ETF购8月4100,,,,,,,4.1,54.0,,0.0571,,10,0.0,0.0,0.0,,沪深300ETF,4.032,23.52,2025-08-27,0.0,0.0,0.0,0.0,0.0,0.0,0.0
10009531,300ETF购8月4000,,,,,,,4.0,54.0,,0.0936,,10,0.0,0.032,0.0,,沪深300ETF,4.032,23.52,2025-08-27,0.0,0.0,0.0,0.0,0.0,0.0,0.0
10009530,300ETF购8月3900,,,,,,,3.9,54.0,,0.1478,,10,0.0,0.132,0.0,,沪深300ETF,4.032,23.52,2025-08-27,0.0,0.0,0.0,0.0,0.0,0.0,0.0
10009529,300ETF购8月3800,,,,,,,3.8,54.0,,0.2185,,10,0.0,0.232,0.0,,沪深300ETF,4.032,23.52,2025-08-27,0.0,0.0,0.0,0.0,0.0,0.0,0.0
10009528,300ETF购8月3700,,,,,,,3.7,54.0,,0.3051,,10,0.0,0.332,0.0,,沪深300ETF,4.032,23.52,2025-08-27,0.0,0.0,0.0,0.0,0.0,0.0,0.0
10009527,300ETF购8月3600,,,,,,,3.6,54.0,,0.3975,,10,0.0,0.432,0.0,,沪深300ETF,4.032,23.52,2025-08-27,0.0,0.0,0.0,0.0,0.0,0.0,0.0
10009526,50ETF沽8月3100,,,,,,,3.1,54.0,,0.2791,,10,0.0,0.264,0.0,,上证50ETF,2.836,20.46,2025-08-27,0.0,0.0,0.0,0.0,0.0,0.0,0.0
10009525,50ETF沽8月3000,,,,,,,3.0,54.0,,0.1894,,10,0.0,0.164,0.0,,上证50ETF,2.836,20.46,2025-08-27,0.0,0.0,0.0,0.0,0.0,0.0,0.0
10009524,50ETF沽8月2950,,,,,,,2.95,54.0,,0.1481,,10,0.0,0.114,0.0,,上证50ETF,2.836,20.46,2025-08-27,0.0,0.0,0.0,0.0,0.0,0.0,0.0
10009523,50ETF沽8月2900,,,,,,,2.9,54.0,,0.1107,,10,0.0,0.064,0.0,,上证50ETF,2.836,20.46,2025-08-27,0.0,0.0,0.0,0.0,0.0,0.0,0.0
10009522,50ETF沽8月2850,,,,,,,2.85,54.0,,0.0782,,10,0.0,0.014,0.0,,上证50ETF,2.836,20.46,2025-08-27,0.0,0.0,0.0,0.0,0.0,0.0,0.0
10009521,50ETF沽8月2800,,,,,,,2.8,54.0,,,,10,0.0,0.0,0.0,,上证50ETF,2.836,20.46,2025-08-27,0.0,0.0,0.0,0.0,0.0,0.0,0.0
10009520,50ETF沽8月2750,,,,,,,2.75,54.0,,,,10,0.0,0.0,0.0,,上证50ETF,2.836,20.46,2025-08-27,0.0,0.0,0.0,0.0,0.0,0.0,0.0
10009519,50ETF沽8月2700,,,,,,,2.7,54.0,,,,10,0.0,0.0,0.0,,上证50ETF,2.836,20.46,2025-08-27,0.0,0.0,0.0,0.0,0.0,0.0,0.0
10009518,50ETF沽8月2650,,,,,,,2.65,54.0,,,,10,0.0,0.0,0.0,,上证50ETF,2.836,20.46,2025-08-27,0.0,0.0,0.0,0.0,0.0,0.0,0.0
10009517,50ETF购8月3100,,,,,,,3.1,54.0,,,,10,0.0,0.0,0.0,,上证50ETF,2.836,20.46,2025-08-27,0.0,0.0,0.0,0.0,0.0,0.0,0.0
10009516,50ETF购8月3000,,,,,,,3.0,54.0,,,,10,0.0,0.0,0.0,,上证50ETF,2.836,20.46,2025-08-27,0.0,0.0,0.0,0.0,0.0,0.0,0.0
10009515,50ETF购8月2950,,,,,,,2.95,54.0,,,,10,0.0,0.0,0.0,,上证50ETF,2.836,20.46,2025-08-27,0.0,0.0,0.0,0.0,0.0,0.0,0.0
10009514,50ETF购8月2900,,,,,,,2.9,54.0,,,,10,0.0,0.0,0.0,,上证50ETF,2.836,20.46,2025-08-27,0.0,0.0,0.0,0.0,0.0,0.0,0.0
10009513,50ETF购8月2850,,,,,,,2.85,54.0,,,,10,0.0,0.0,0.0,,上证50ETF,2.836,20.46,2025-08-27,0.0,0.0,0.0,0.0,0.0,0.0,0.0
10009512,50ETF购8月2800,,,,,,,2.8,54.0,,,,10,0.0,0.036,0.0,,上证50ETF,2.836,20.46,2025-08-27,0.0,0.0,0.0,0.0,0.0,0.0,0.0
10009511,50ETF购8月2750,,,,,,,2.75,54.0,,,,10,0.0,0.086,0.0,,上证50ETF,2.836,20.46,2025-08-27,0.0,0.0,0.0,0.0,0.0,0.0,0.0
10009510,50ETF购8月2700,,,,,,,2.7,54.0,,,,10,0.0,0.136,0.0,,上证50ETF,2.836,20.46,2025-08-27,0.0,0.0,0.0,0.0,0.0,0.0,0.0
10009509,50ETF购8月2650,,,,,,,2.65,54.0,,,,10,0.0,0.186,0.0,,上证50ETF,2.836,20.46,2025-08-27,0.0,0.0,0.0,0.0,0.0,0.0,0.0
10009508,500ETF沽12月7000,,,,,,,7.0,173.0,,,,10,0.2583,1.037,0.0,,中证500ETF,5.963,27.06,2025-12-24,0.0,0.0,0.0,0.0,0.0,0.0,0.0
10009507,500ETF购12月7000,,,,,,,7.0,173.0,,,,10,0.04,0.0,0.0,,中证500ETF,5.963,27.06,2025-12-24,0.0,0.0,0.0,0.0,0.0,0.0,0.0
10009506,500ETF沽7月7000,,,,,,,7.0,19.0,,,,10,0.0,1.037,0.0,,中证500ETF,5.963,27.06,2025-07-23,0.0,0.0,0.0,0.0,0.0,0.0,0.0
10009505,500ETF购7月7000,,,,,,,7.0,19.0,,,,10,0.0,0.0,0.0,,中证500ETF,5.963,27.06,2025-07-23,0.0,0.0,0.0,0.0,0.0,0.0,0.0
10009504,300ETF沽12月4400,,,,,,,4.4,173.0,,,,10,0.1115,0.368,0.0,,沪深300ETF,4.032,23.52,2025-12-24,0.0,0.0,0.0,0.0,0.0,0.0,0.0
10009503,300ETF购12月4400,,,,,,,4.4,173.0,,,,10,0.0477,0.0,0.0,,沪深300ETF,4.032,23.52,2025-12-24,0.0,0.0,0.0,0.0,0.0,0.0,0.0
10009502,300ETF沽9月4400,,,,,,,4.4,82.0,,,,10,0.0,0.368,0.0,,沪深300ETF,4.032,23.52,2025-09-24,0.0,0.0,0.0,0.0,0.0,0.0,0.0
10009501,300ETF购9月4400,,,,,,,4.4,82.0,,,,10,0.0,0.0,0.0,,沪深300ETF,4.032,23.52,2025-09-24,0.0,0.0,0.0,0.0,0.0,0.0,0.0
10009500,300ETF沽7月4400,,,,,,,4.4,19.0,,,,10,0.0,0.368,0.0,,沪深300ETF,4.032,23.52,2025-07-23,0.0,0.0,0.0,0.0,0.0,0.0,0.0
10009499,300ETF购7月4400,,,,,,,4.4,19.0,,,,10,0.0,0.0,0.0,,沪深300ETF,4.032,23.52,2025-07-23,0.0,0.0,0.0,0.0,0.0,0.0,0.0
10009498,50ETF沽12月3100,,,,,,,3.1,173.0,,,,10,0.0489,0.264,0.0,,上证50ETF,2.836,20.46,2025-12-24,0.0,0.0,0.0,0.0,0.0,0.0,0.0
10009497,50ETF购12月3100,,,,,,,3.1,173.0,,,,10,0.039,0.0,0.0,,上证50ETF,2.836,20.46,2025-12-24,0.0,0.0,0.0,0.0,0.0,0.0,0.0
10009496,50ETF沽9月3100,,,,,,,3.1,82.0,,,,10,0.0,0.264,0.0,,上证50ETF,2.836,20.46,2025-09-24,0.0,0.0,0.0,0.0,0.0,0.0,0.0
10009495,50ETF购9月3100,,,,,,,3.1,82.0,,,,10,0.0,0.0,0.0,,上证50ETF,2.836,20.46,2025-09-24,0.0,0.0,0.0,0.0,0.0,0.0,0.0
10009494,50ETF沽7月3100,,,,,,,3.1,19.0,,,,10,0.0,0.264,0.0,,上证50ETF,2.836,20.46,2025-07-23,0.0,0.0,0.0,0.0,0.0,0.0,0.0
10009493,50ETF购7月3100,,,,,,,3.1,19.0,,,,10,0.0,0.0,0.0,,上证50ETF,2.836,20.46,2025-07-23,0.0,0.0,0.0,0.0,0.0,0.0,0.0
10009492,50ETF沽7月3000,,,,,,,3.0,19.0,,,,10,0.0,0.164,0.0,,上证50ETF,2.836,20.46,2025-07-23,0.0,0.0,0.0,0.0,0.0,0.0,0.0
10009491,50ETF购7月3000,,,,,,,3.0,19.0,,,,10,0.0,0.0,0.0,,上证50ETF,2.836,20.46,2025-07-23,0.0,0.0,0.0,0.0,0.0,0.0,0.0
10009490,300ETF沽12月4300,,,,,,,4.3,173.0,,,,10,0.1274,0.268,0.0,,沪深300ETF,4.032,23.52,2025-12-24,0.0,0.0,0.0,0.0,0.0,0.0,0.0
10009489,300ETF沽12月4200,,,,,,,4.2,173.0,,,,10,0.1503,0.168,0.0,,沪深300ETF,4.032,23.52,2025-12-24,0.0,0.0,0.0,0.0,0.0,0.0,0.0
10009488,300ETF沽12月4100,,,,,,,4.1,173.0,,,,10,0.1798,0.068,0.0,,沪深300ETF,4.032,23.52,2025-12-24,0.0,0.0,0.0,0.0,0.0,0.0,0.0
10009487,300ETF沽12月4000,,,,,,,4.0,173.0,,,,10,0.1862,0.0,0.0,,沪深300ETF,4.032,23.52,2025-12-24,0.0,0.0,0.0,0.0,0.0,0.0,0.0
10009486,300ETF沽12月3900,,,,,,,3.9,173.0,,,,10,0.1348,0.0,0.0,,沪深300ETF,4.032,23.52,2025-12-24,0.0,0.0,0.0,0.0,0.0,0.0,0.0
10009485,300ETF沽12月3800,,,,,,,3.8,173.0,,,,10,0.094,0.0,0.0,,沪深300ETF,4.032,23.52,2025-12-24,0.0,0.0,0.0,0.0,0.0,0.0,0.0
10009484,300ETF沽12月3700,,,,,,,3.7,173.0,,,,10,0.065,0.0,0.0,,沪深300ETF,4.032,23.52,2025-12-24,0.0,0.0,0.0,0.0,0.0,0.0,0.0
10009483,300ETF沽12月3600,,,,,,,3.6,173.0,,,,10,0.0438,0.0,0.0,,沪深300ETF,4.032,23.52,2025-12-24,0.0,0.0,0.0,0.0,0.0,0.0,0.0
10009482,300ETF沽12月3500,,,,,,,3.5,173.0,,,,10,0.0297,0.0,0.0,,沪深300ETF,4.032,23.52,2025-12-24,0.0,0.0,0.0,0.0,0.0,0.0,0.0
10009481,300ETF购12月4300,,,,,,,4.3,173.0,,,,10,0.0624,0.0,0.0,,沪深300ETF,4.032,23.52,2025-12-24,0.0,0.0,0.0,0.0,0.0,0.0,0.0
10009480,300ETF购12月4200,,,,,,,4.2,173.0,,,,10,0.084,0.0,0.0,,沪深300ETF,4.032,23.52,2025-12-24,0.0,0.0,0.0,0.0,0.0,0.0,0.0
10009479,300ETF购12月4100,,,,,,,4.1,173.0,,,,10,0.1115,0.0,0.0,,沪深300ETF,4.032,23.52,2025-12-24,0.0,0.0,0.0,0.0,0.0,0.0,0.0
10009478,300ETF购12月4000,,,,,,,4.0,173.0,,,,10,0.1185,0.032,0.0,,沪深300ETF,4.032,23.52,2025-12-24,0.0,0.0,0.0,0.0,0.0,0.0,0.0
10009477,300ETF购12月3900,,,,,,,3.9,173.0,,,,10,0.0665,0.132,0.0,,沪深300ETF,4.032,23.52,2025-12-24,0.0,0.0,0.0,0.0,0.0,0.0,0.0
10009476,300ETF购12月3800,,,,,,,3.8,173.0,,,,10,0.0231,0.232,0.0,,沪深300ETF,4.032,23.52,2025-12-24,0.0,0.0,0.0,0.0,0.0,0.0,0.0
10009475,300ETF购12月3700,,,,,,,3.7,173.0,,,,10,-0.0082,0.332,0.0,,沪深300ETF,4.032,23.52,2025-12-24,0.0,0.0,0.0,0.0,0.0,0.0,0.0
10009474,300ETF购12月3600,,,,,,,3.6,173.0,,,,10,-0.0285,0.432,0.0,,沪深300ETF,4.032,23.52,2025-12-24,0.0,0.0,0.0,0.0,0.0,0.0,0.0
10009473,300ETF购12月3500,,,,,,,3.5,173.0,,,,10,-0.0424,0.532,0.0,,沪深300ETF,4.032,23.52,2025-12-24,0.0,0.0,0.0,0.0,0.0,0.0,0.0
10009472,300ETF沽9月4300,,,,,,,4.3,82.0,,,,10,0.0,0.268,0.0,,沪深300ETF,4.032,23.52,2025-09-24,0.0,0.0,0.0,0.0,0.0,0.0,0.0
10009471,300ETF沽9月4200,,,,,,,4.2,82.0,,,,10,0.0,0.168,0.0,,沪深300ETF,4.032,23.52,2025-09-24,0.0,0.0,0.0,0.0,0.0,0.0,0.0
10009470,300ETF沽9月4100,,,,,,,4.1,82.0,,,,10,0.0,0.068,0.0,,沪深300ETF,4.032,23.52,2025-09-24,0.0,0.0,0.0,0.0,0.0,0.0,0.0
10009469,300ETF沽9月4000,,,,,,,4.0,82.0,,,,10,0.0,0.0,0.0,,沪深300ETF,4.032,23.52,2025-09-24,0.0,0.0,0.0,0.0,0.0,0.0,0.0
10009468,300ETF沽9月3900,,,,,,,3.9,82.0,,,,10,0.0,0.0,0.0,,沪深300ETF,4.032,23.52,2025-09-24,0.0,0.0,0.0,0.0,0.0,0.0,0.0
10009467,300ETF沽9月3800,,,,,,,3.8,82.0,,,,10,0.0,0.0,0.0,,沪深300ETF,4.032,23.52,2025-09-24,0.0,0.0,0.0,0.0,0.0,0.0,0.0
10009466,300ETF沽9月3700,,,,,,,3.7,82.0,,,,10,0.0,0.0,0.0,,沪深300ETF,4.032,23.52,2025-09-24,0.0,0.0,0.0,0.0,0.0,0.0,0.0
10009465,300ETF沽9月3600,,,,,,,3.6,82.0,,,,10,0.0,0.0,0.0,,沪深300ETF,4.032,23.52,2025-09-24,0.0,0.0,0.0,0.0,0.0,0.0,0.0
10009464,300ETF沽9月3500,,,,,,,3.5,82.0,,,,10,0.0,0.0,0.0,,沪深300ETF,4.032,23.52,2025-09-24,0.0,0.0,0.0,0.0,0.0,0.0,0.0
10009463,300ETF购9月4300,,,,,,,4.3,82.0,,,,10,0.0,0.0,0.0,,沪深300ETF,4.032,23.52,2025-09-24,0.0,0.0,0.0,0.0,0.0,0.0,0.0
10009462,300ETF购9月4200,,,,,,,4.2,82.0,,,,10,0.0,0.0,0.0,,沪深300ETF,4.032,23.52,2025-09-24,0.0,0.0,0.0,0.0,0.0,0.0,0.0
10009461,300ETF购9月4100,,,,,,,4.1,82.0,,,,10,0.0,0.0,0.0,,沪深300ETF,4.032,23.52,2025-09-24,0.0,0.0,0.0,0.0,0.0,0.0,0.0
10009460,300ETF购9月4000,,,,,,,4.0,82.0,,,,10,0.0,0.032,0.0,,沪深300ETF,4.032,23.52,2025-09-24,0.0,0.0,0.0,0.0,0.0,0.0,0.0
10009459,300ETF购9月3900,,,,,,,3.9,82.0,,,,10,0.0,0.132,0.0,,沪深300ETF,4.032,23.52,2025-09-24,0.0,0.0,0.0,0.0,0.0,0.0,0.0
10009458,300ETF购9月3800,,,,,,,3.8,82.0,,,,10,0.0,0.232,0.0,,沪深300ETF,4.032,23.52,2025-09-24,0.0,0.0,0.0,0.0,0.0,0.0,0.0
10009457,300ETF购9月3700,,,,,,,3.7,82.0,,,,10,0.0,0.332,0.0,,沪深300ETF,4.032,23.52,2025-09-24,0.0,0.0,0.0,0.0,0.0,0.0,0.0
10009456,300ETF购9月3600,,,,,,,3.6,82.0,,,,10,0.0,0.432,0.0,,沪深300ETF,4.032,23.52,2025-09-24,0.0,0.0,0.0,0.0,0.0,0.0,0.0
10009455,300ETF购9月3500,,,,,,,3.5,82.0,,,,10,0.0,0.532,0.0,,沪深300ETF,4.032,23.52,2025-09-24,0.0,0.0,0.0,0.0,0.0,0.0,0.0
10009454,300ETF沽7月4300,,,,,,,4.3,19.0,,,,10,0.1591,0.268,0.0,,沪深300ETF,4.032,23.52,2025-07-23,0.0,0.0,0.0,0.0,0.0,0.0,0.0
10009453,300ETF沽7月4200,,,,,,,4.2,19.0,,,,10,0.1605,0.168,0.0,,沪深300ETF,4.032,23.52,2025-07-23,0.0,0.0,0.0,0.0,0.0,0.0,0.0
10009452,300ETF沽7月4100,,,,,,,4.1,19.0,,,,10,0.1646,0.068,0.0,,沪深300ETF,4.032,23.52,2025-07-23,0.0,0.0,0.0,0.0,0.0,0.0,0.0
10009451,300ETF沽7月4000,,,,,,,4.0,19.0,,,,10,0.142,0.0,0.0,,沪深300ETF,4.032,23.52,2025-07-23,0.0,0.0,0.0,0.0,0.0,0.0,0.0
10009450,300ETF沽7月3900,,,,,,,3.9,19.0,,,,10,0.0722,0.0,0.0,,沪深300ETF,4.032,23.52,2025-07-23,0.0,0.0,0.0,0.0,0.0,0.0,0.0
10009449,300ETF沽7月3800,,,,,,,3.8,19.0,,,,10,0.0316,0.0,0.0,,沪深300ETF,4.032,23.52,2025-07-23,0.0,0.0,0.0,0.0,0.0,0.0,0.0
10009448,300ETF沽7月3700,,,,,,,3.7,19.0,,,,10,0.0144,0.0,0.0,,沪深300ETF,4.032,23.52,2025-07-23,0.0,0.0,0.0,0.0,0.0,0.0,0.0
10009447,300ETF沽7月3600,,,,,,,3.6,19.0,,,,10,0.0074,0.0,0.0,,沪深300ETF,4.032,23.52,2025-07-23,0.0,0.0,0.0,0.0,0.0,0.0,0.0
10009446,300ETF沽7月3500,,,,,,,3.5,19.0,,,,10,0.0049,0.0,0.0,,沪深300ETF,4.032,23.52,2025-07-23,0.0,0.0,0.0,0.0,0.0,0.0,0.0
10009445,300ETF购7月4300,,,,,,,4.3,19.0,,,,10,0.0026,0.0,0.0,,沪深300ETF,4.032,23.52,2025-07-23,0.0,0.0,0.0,0.0,0.0,0.0,0.0
10009444,300ETF购7月4200,,,,,,,4.2,19.0,,,,10,0.0038,0.0,0.0,,沪深300ETF,4.032,23.52,2025-07-23,0.0,0.0,0.0,0.0,0.0,0.0,0.0
10009443,300ETF购7月4100,,,,,,,4.1,19.0,,,,10,0.007,0.0,0.0,,沪深300ETF,4.032,23.52,2025-07-23,0.0,0.0,0.0,0.0,0.0,0.0,0.0
10009442,300ETF购7月4000,,,,,,,4.0,19.0,,,,10,-0.0144,0.032,0.0,,沪深300ETF,4.032,23.52,2025-07-23,0.0,0.0,0.0,0.0,0.0,0.0,0.0
10009441,300ETF购7月3900,,,,,,,3.9,19.0,,,,10,-0.0854,0.132,0.0,,沪深300ETF,4.032,23.52,2025-07-23,0.0,0.0,0.0,0.0,0.0,0.0,0.0
10009440,300ETF购7月3800,,,,,,,3.8,19.0,,,,10,0.0,0.232,0.0,,沪深300ETF,4.032,23.52,2025-07-23,0.0,0.0,0.0,0.0,0.0,0.0,0.0
10009439,300ETF购7月3700,,,,,,,3.7,19.0,,,,10,0.0,0.332,0.0,,沪深300ETF,4.032,23.52,2025-07-23,0.0,0.0,0.0,0.0,0.0,0.0,0.0
10009438,300ETF购7月3600,,,,,,,3.6,19.0,,,,10,0.0,0.432,0.0,,沪深300ETF,4.032,23.52,2025-07-23,0.0,0.0,0.0,0.0,0.0,0.0,0.0
10009437,300ETF购7月3500,,,,,,,3.5,19.0,,,,10,0.0,0.532,0.0,,沪深300ETF,4.032,23.52,2025-07-23,0.0,0.0,0.0,0.0,0.0,0.0,0.0
10009418,科创板50沽7月1250,,,,,,,1.25,19.0,,,,10,0.0,0.24,0.0,,科创板50ETF,1.01,41.24,2025-07-23,0.0,0.0,0.0,0.0,0.0,0.0,0.0
10009417,科创板50购7月1250,,,,,,,1.25,19.0,,,,10,0.0,0.0,0.0,,科创板50ETF,1.01,41.24,2025-07-23,0.0,0.0,0.0,0.0,0.0,0.0,0.0
10009416,科创50沽7月1250,,,,,,,1.25,19.0,,,,10,0.0,0.215,0.0,,科创50ETF,1.035,41.89,2025-07-23,0.0,0.0,0.0,0.0,0.0,0.0,0.0
10009415,科创50购7月1250,,,,,,,1.25,19.0,,,,10,0.0,0.0,0.0,,科创50ETF,1.035,41.89,2025-07-23,0.0,0.0,0.0,0.0,0.0,0.0,0.0
10009414,300ETF沽7月4303A,,,,,,,4.303,19.0,,,,10,0.0,0.271,0.0,,沪深300ETF,4.032,23.52,2025-07-23,0.0,0.0,0.0,0.0,0.0,0.0,0.0
10009413,300ETF购7月4303A,,,,,,,4.303,19.0,,,,10,0.0,0.0,0.0,,沪深300ETF,4.032,23.52,2025-07-23,0.0,0.0,0.0,0.0,0.0,0.0,0.0
10009412,科创板50沽7月1200,,,,,,,1.2,19.0,,,,10,0.0,0.19,0.0,,科创板50ETF,1.01,41.24,2025-07-23,0.0,0.0,0.0,0.0,0.0,0.0,0.0
10009411,科创板50沽7月1150,,,,,,,1.15,19.0,,,,10,0.0,0.14,0.0,,科创板50ETF,1.01,41.24,2025-07-23,0.0,0.0,0.0,0.0,0.0,0.0,0.0
10009410,科创板50沽7月1100,,,,,,,1.1,19.0,,,,10,0.0,0.09,0.0,,科创板50ETF,1.01,41.24,2025-07-23,0.0,0.0,0.0,0.0,0.0,0.0,0.0
10009409,科创板50沽7月1050,,,,,,,1.05,19.0,,,,10,0.0,0.04,0.0,,科创板50ETF,1.01,41.24,2025-07-23,0.0,0.0,0.0,0.0,0.0,0.0,0.0
10009408,科创板50沽7月1000,,,,,,,1.0,19.0,,,,10,0.0,0.0,0.0,,科创板50ETF,1.01,41.24,2025-07-23,0.0,0.0,0.0,0.0,0.0,0.0,0.0
10009407,科创板50沽7月950,,,,,,,0.95,19.0,,,,10,0.0,0.0,0.0,,科创板50ETF,1.01,41.24,2025-07-23,0.0,0.0,0.0,0.0,0.0,0.0,0.0
10009406,科创板50沽7月900,,,,,,,0.9,19.0,,,,10,0.0,0.0,0.0,,科创板50ETF,1.01,41.24,2025-07-23,0.0,0.0,0.0,0.0,0.0,0.0,0.0
10009405,科创板50沽7月850,,,,,,,0.85,19.0,,,,10,0.0,0.0,0.0,,科创板50ETF,1.01,41.24,2025-07-23,0.0,0.0,0.0,0.0,0.0,0.0,0.0
10009404,科创板50沽7月800,,,,,,,0.8,19.0,,,,10,0.0,0.0,0.0,,科创板50ETF,1.01,41.24,2025-07-23,0.0,0.0,0.0,0.0,0.0,0.0,0.0
10009403,科创板50购7月1200,,,,,,,1.2,19.0,,,,10,0.0,0.0,0.0,,科创板50ETF,1.01,41.24,2025-07-23,0.0,0.0,0.0,0.0,0.0,0.0,0.0
10009402,科创板50购7月1150,,,,,,,1.15,19.0,,,,10,0.0,0.0,0.0,,科创板50ETF,1.01,41.24,2025-07-23,0.0,0.0,0.0,0.0,0.0,0.0,0.0
10009401,科创板50购7月1100,,,,,,,1.1,19.0,,,,10,0.0,0.0,0.0,,科创板50ETF,1.01,41.24,2025-07-23,0.0,0.0,0.0,0.0,0.0,0.0,0.0
10009400,科创板50购7月1050,,,,,,,1.05,19.0,,,,10,0.0,0.0,0.0,,科创板50ETF,1.01,41.24,2025-07-23,0.0,0.0,0.0,0.0,0.0,0.0,0.0
10009399,科创板50购7月1000,,,,,,,1.0,19.0,,,,10,0.0,0.01,0.0,,科创板50ETF,1.01,41.24,2025-07-23,0.0,0.0,0.0,0.0,0.0,0.0,0.0
10009398,科创板50购7月950,,,,,,,0.95,19.0,,,,10,0.0,0.06,0.0,,科创板50ETF,1.01,41.24,2025-07-23,0.0,0.0,0.0,0.0,0.0,0.0,0.0
10009397,科创板50购7月900,,,,,,,0.9,19.0,,,,10,0.0,0.11,0.0,,科创板50ETF,1.01,41.24,2025-07-23,0.0,0.0,0.0,0.0,0.0,0.0,0.0
10009396,科创板50购7月850,,,,,,,0.85,19.0,,,,10,0.0,0.16,0.0,,科创板50ETF,1.01,41.24,2025-07-23,0.0,0.0,0.0,0.0,0.0,0.0,0.0
10009395,科创板50购7月800,,,,,,,0.8,19.0,,,,10,0.0,0.21,0.0,,科创板50ETF,1.01,41.24,2025-07-23,0.0,0.0,0.0,0.0,0.0,0.0,0.0
10009394,科创50沽7月1200,,,,,,,1.2,19.0,,,,10,0.0,0.165,0.0,,科创50ETF,1.035,41.89,2025-07-23,0.0,0.0,0.0,0.0,0.0,0.0,0.0
10009393,科创50沽7月1150,,,,,,,1.15,19.0,,,,10,0.0,0.115,0.0,,科创50ETF,1.035,41.89,2025-07-23,0.0,0.0,0.0,0.0,0.0,0.0,0.0
10009392,科创50沽7月1100,,,,,,,1.1,19.0,,,,10,0.0,0.065,0.0,,科创50ETF,1.035,41.89,2025-07-23,0.0,0.0,0.0,0.0,0.0,0.0,0.0
10009391,科创50沽7月1050,,,,,,,1.05,19.0,,,,10,0.0,0.015,0.0,,科创50ETF,1.035,41.89,2025-07-23,0.0,0.0,0.0,0.0,0.0,0.0,0.0
10009390,科创50沽7月1000,,,,,,,1.0,19.0,,,,10,0.0,0.0,0.0,,科创50ETF,1.035,41.89,2025-07-23,0.0,0.0,0.0,0.0,0.0,0.0,0.0
10009389,科创50沽7月950,,,,,,,0.95,19.0,,,,10,0.0,0.0,0.0,,科创50ETF,1.035,41.89,2025-07-23,0.0,0.0,0.0,0.0,0.0,0.0,0.0
10009388,科创50沽7月900,,,,,,,0.9,19.0,,,,10,0.0,0.0,0.0,,科创50ETF,1.035,41.89,2025-07-23,0.0,0.0,0.0,0.0,0.0,0.0,0.0
10009387,科创50沽7月850,,,,,,,0.85,19.0,,,,10,0.0,0.0,0.0,,科创50ETF,1.035,41.89,2025-07-23,0.0,0.0,0.0,0.0,0.0,0.0,0.0
10009386,科创50沽7月800,,,,,,,0.8,19.0,,,,10,0.0,0.0,0.0,,科创50ETF,1.035,41.89,2025-07-23,0.0,0.0,0.0,0.0,0.0,0.0,0.0
10009385,科创50购7月1200,,,,,,,1.2,19.0,,,,10,0.0,0.0,0.0,,科创50ETF,1.035,41.89,2025-07-23,0.0,0.0,0.0,0.0,0.0,0.0,0.0
10009384,科创50购7月1150,,,,,,,1.15,19.0,,,,10,0.0,0.0,0.0,,科创50ETF,1.035,41.89,2025-07-23,0.0,0.0,0.0,0.0,0.0,0.0,0.0
10009383,科创50购7月1100,,,,,,,1.1,19.0,,,,10,0.0,0.0,0.0,,科创50ETF,1.035,41.89,2025-07-23,0.0,0.0,0.0,0.0,0.0,0.0,0.0
10009382,科创50购7月1050,,,,,,,1.05,19.0,,,,10,0.0,0.0,0.0,,科创50ETF,1.035,41.89,2025-07-23,0.0,0.0,0.0,0.0,0.0,0.0,0.0
10009381,科创50购7月1000,,,,,,,1.0,19.0,,,,10,0.0,0.035,0.0,,科创50ETF,1.035,41.89,2025-07-23,0.0,0.0,0.0,0.0,0.0,0.0,0.0
10009380,科创50购7月950,,,,,,,0.95,19.0,,,,10,0.0,0.085,0.0,,科创50ETF,1.035,41.89,2025-07-23,0.0,0.0,0.0,0.0,0.0,0.0,0.0
10009379,科创50购7月900,,,,,,,0.9,19.0,,,,10,0.0,0.135,0.0,,科创50ETF,1.035,41.89,2025-07-23,0.0,0.0,0.0,0.0,0.0,0.0,0.0
10009378,科创50购7月850,,,,,,,0.85,19.0,,,,10,0.0,0.185,0.0,,科创50ETF,1.035,41.89,2025-07-23,0.0,0.0,0.0,0.0,0.0,0.0,0.0
10009377,科创50购7月800,,,,,,,0.8,19.0,,,,10,0.0,0.235,0.0,,科创50ETF,1.035,41.89,2025-07-23,0.0,0.0,0.0,0.0,0.0,0.0,0.0
10009376,500ETF沽7月6750,,,,,,,6.75,19.0,,,,10,0.0,0.787,0.0,,中证500ETF,5.963,27.06,2025-07-23,0.0,0.0,0.0,0.0,0.0,0.0,0.0
10009375,500ETF沽7月6500,,,,,,,6.5,19.0,,,,10,0.0,0.537,0.0,,中证500ETF,5.963,27.06,2025-07-23,0.0,0.0,0.0,0.0,0.0,0.0,0.0
10009374,500ETF沽7月6250,,,,,,,6.25,19.0,,,,10,0.0,0.287,0.0,,中证500ETF,5.963,27.06,2025-07-23,0.0,0.0,0.0,0.0,0.0,0.0,0.0
10009373,500ETF沽7月6000,,,,,,,6.0,19.0,,,,10,0.0,0.037,0.0,,中证500ETF,5.963,27.06,2025-07-23,0.0,0.0,0.0,0.0,0.0,0.0,0.0
10009372,500ETF沽7月5750,,,,,,,5.75,19.0,,,,10,0.0,0.0,0.0,,中证500ETF,5.963,27.06,2025-07-23,0.0,0.0,0.0,0.0,0.0,0.0,0.0
10009371,500ETF沽7月5500,,,,,,,5.5,19.0,,,,10,0.0,0.0,0.0,,中证500ETF,5.963,27.06,2025-07-23,0.0,0.0,0.0,0.0,0.0,0.0,0.0
10009370,500ETF沽7月5250,,,,,,,5.25,19.0,,,,10,0.0,0.0,0.0,,中证500ETF,5.963,27.06,2025-07-23,0.0,0.0,0.0,0.0,0.0,0.0,0.0
10009369,500ETF沽7月5000,,,,,,,5.0,19.0,,,,10,0.0,0.0,0.0,,中证500ETF,5.963,27.06,2025-07-23,0.0,0.0,0.0,0.0,0.0,0.0,0.0
10009368,500ETF沽7月4900,,,,,,,4.9,19.0,,,,10,0.0,0.0,0.0,,中证500ETF,5.963,27.06,2025-07-23,0.0,0.0,0.0,0.0,0.0,0.0,0.0
10009367,500ETF购7月6750,,,,,,,6.75,19.0,,,,10,0.0,0.0,0.0,,中证500ETF,5.963,27.06,2025-07-23,0.0,0.0,0.0,0.0,0.0,0.0,0.0
10009366,500ETF购7月6500,,,,,,,6.5,19.0,,,,10,0.0,0.0,0.0,,中证500ETF,5.963,27.06,2025-07-23,0.0,0.0,0.0,0.0,0.0,0.0,0.0
10009365,500ETF购7月6250,,,,,,,6.25,19.0,,,,10,0.0,0.0,0.0,,中证500ETF,5.963,27.06,2025-07-23,0.0,0.0,0.0,0.0,0.0,0.0,0.0
10009364,500ETF购7月6000,,,,,,,6.0,19.0,,,,10,0.0,0.0,0.0,,中证500ETF,5.963,27.06,2025-07-23,0.0,0.0,0.0,0.0,0.0,0.0,0.0
10009363,500ETF购7月5750,,,,,,,5.75,19.0,,,,10,0.0,0.213,0.0,,中证500ETF,5.963,27.06,2025-07-23,0.0,0.0,0.0,0.0,0.0,0.0,0.0
10009362,500ETF购7月5500,,,,,,,5.5,19.0,,,,10,0.0,0.463,0.0,,中证500ETF,5.963,27.06,2025-07-23,0.0,0.0,0.0,0.0,0.0,0.0,0.0
10009361,500ETF购7月5250,,,,,,,5.25,19.0,,,,10,0.0,0.713,0.0,,中证500ETF,5.963,27.06,2025-07-23,0.0,0.0,0.0,0.0,0.0,0.0,0.0
10009360,500ETF购7月5000,,,,,,,5.0,19.0,,,,10,0.0,0.963,0.0,,中证500ETF,5.963,27.06,2025-07-23,0.0,0.0,0.0,0.0,0.0,0.0,0.0
10009359,500ETF购7月4900,,,,,,,4.9,19.0,,,,10,0.0,1.063,0.0,,中证500ETF,5.963,27.06,2025-07-23,0.0,0.0,0.0,0.0,0.0,0.0,0.0
10009358,300ETF沽7月4205A,,,,,,,4.205,19.0,,,,10,0.0,0.173,0.0,,沪深300ETF,4.032,23.52,2025-07-23,0.0,0.0,0.0,0.0,0.0,0.0,0.0
10009357,300ETF沽7月4107A,,,,,,,4.107,19.0,,,,10,0.0,0.075,0.0,,沪深300ETF,4.032,23.52,2025-07-23,0.0,0.0,0.0,0.0,0.0,0.0,0.0
10009356,300ETF沽7月4009A,,,,,,,4.009,19.0,,,,10,0.0,0.0,0.0,,沪深300ETF,4.032,23.52,2025-07-23,0.0,0.0,0.0,0.0,0.0,0.0,0.0
10009355,300ETF沽7月3912A,,,,,,,3.912,19.0,,,,10,0.0,0.0,0.0,,沪深300ETF,4.032,23.52,2025-07-23,0.0,0.0,0.0,0.0,0.0,0.0,0.0
10009354,300ETF沽7月3814A,,,,,,,3.814,19.0,,,,10,0.0,0.0,0.0,,沪深300ETF,4.032,23.52,2025-07-23,0.0,0.0,0.0,0.0,0.0,0.0,0.0
10009353,300ETF沽7月3716A,,,,,,,3.716,19.0,,,,10,0.0,0.0,0.0,,沪深300ETF,4.032,23.52,2025-07-23,0.0,0.0,0.0,0.0,0.0,0.0,0.0
10009352,300ETF沽7月3618A,,,,,,,3.618,19.0,,,,10,0.0,0.0,0.0,,沪深300ETF,4.032,23.52,2025-07-23,0.0,0.0,0.0,0.0,0.0,0.0,0.0
10009351,300ETF沽7月3520A,,,,,,,3.52,19.0,,,,10,0.0,0.0,0.0,,沪深300ETF,4.032,23.52,2025-07-23,0.0,0.0,0.0,0.0,0.0,0.0,0.0
10009350,300ETF沽7月3423A,,,,,,,3.423,19.0,,,,10,0.0,0.0,0.0,,沪深300ETF,4.032,23.52,2025-07-23,0.0,0.0,0.0,0.0,0.0,0.0,0.0
10009349,300ETF购7月4205A,,,,,,,4.205,19.0,,,,10,0.0,0.0,0.0,,沪深300ETF,4.032,23.52,2025-07-23,0.0,0.0,0.0,0.0,0.0,0.0,0.0
10009348,300ETF购7月4107A,,,,,,,4.107,19.0,,,,10,0.0,0.0,0.0,,沪深300ETF,4.032,23.52,2025-07-23,0.0,0.0,0.0,0.0,0.0,0.0,0.0
10009347,300ETF购7月4009A,,,,,,,4.009,19.0,,,,10,0.0,0.023,0.0,,沪深300ETF,4.032,23.52,2025-07-23,0.0,0.0,0.0,0.0,0.0,0.0,0.0
10009346,300ETF购7月3912A,,,,,,,3.912,19.0,,,,10,0.0,0.12,0.0,,沪深300ETF,4.032,23.52,2025-07-23,0.0,0.0,0.0,0.0,0.0,0.0,0.0
10009345,300ETF购7月3814A,,,,,,,3.814,19.0,,,,10,0.0,0.218,0.0,,沪深300ETF,4.032,23.52,2025-07-23,0.0,0.0,0.0,0.0,0.0,0.0,0.0
10009344,300ETF购7月3716A,,,,,,,3.716,19.0,,,,10,0.0,0.316,0.0,,沪深300ETF,4.032,23.52,2025-07-23,0.0,0.0,0.0,0.0,0.0,0.0,0.0
10009343,300ETF购7月3618A,,,,,,,3.618,19.0,,,,10,0.0,0.414,0.0,,沪深300ETF,4.032,23.52,2025-07-23,0.0,0.0,0.0,0.0,0.0,0.0,0.0
10009342,300ETF购7月3520A,,,,,,,3.52,19.0,,,,10,0.0,0.512,0.0,,沪深300ETF,4.032,23.52,2025-07-23,0.0,0.0,0.0,0.0,0.0,0.0,0.0
10009341,300ETF购7月3423A,,,,,,,3.423,19.0,,,,10,0.0,0.609,0.0,,沪深300ETF,4.032,23.52,2025-07-23,0.0,0.0,0.0,0.0,0.0,0.0,0.0
10009340,50ETF沽7月2950,,,,,,,2.95,19.0,,,,10,0.0,0.114,0.0,,上证50ETF,2.836,20.46,2025-07-23,0.0,0.0,0.0,0.0,0.0,0.0,0.0
10009339,50ETF沽7月2900,,,,,,,2.9,19.0,,,,10,0.0,0.064,0.0,,上证50ETF,2.836,20.46,2025-07-23,0.0,0.0,0.0,0.0,0.0,0.0,0.0
10009338,50ETF沽7月2850,,,,,,,2.85,19.0,,,,10,0.0,0.014,0.0,,上证50ETF,2.836,20.46,2025-07-23,0.0,0.0,0.0,0.0,0.0,0.0,0.0
10009337,50ETF沽7月2800,,,,,,,2.8,19.0,,,,10,0.0,0.0,0.0,,上证50ETF,2.836,20.46,2025-07-23,0.0,0.0,0.0,0.0,0.0,0.0,0.0
10009336,50ETF沽7月2750,,,,,,,2.75,19.0,,,,10,0.0,0.0,0.0,,上证50ETF,2.836,20.46,2025-07-23,0.0,0.0,0.0,0.0,0.0,0.0,0.0
10009335,50ETF沽7月2700,,,,,,,2.7,19.0,,,,10,0.0,0.0,0.0,,上证50ETF,2.836,20.46,2025-07-23,0.0,0.0,0.0,0.0,0.0,0.0,0.0
10009334,50ETF沽7月2650,,,,,,,2.65,19.0,,,,10,0.0,0.0,0.0,,上证50ETF,2.836,20.46,2025-07-23,0.0,0.0,0.0,0.0,0.0,0.0,0.0
10009333,50ETF沽7月2600,,,,,,,2.6,19.0,,,,10,0.0,0.0,0.0,,上证50ETF,2.836,20.46,2025-07-23,0.0,0.0,0.0,0.0,0.0,0.0,0.0
10009332,50ETF沽7月2550,,,,,,,2.55,19.0,,,,10,0.0,0.0,0.0,,上证50ETF,2.836,20.46,2025-07-23,0.0,0.0,0.0,0.0,0.0,0.0,0.0
10009331,50ETF购7月2950,,,,,,,2.95,19.0,,,,10,0.0,0.0,0.0,,上证50ETF,2.836,20.46,2025-07-23,0.0,0.0,0.0,0.0,0.0,0.0,0.0
10009330,50ETF购7月2900,,,,,,,2.9,19.0,,,,10,0.0,0.0,0.0,,上证50ETF,2.836,20.46,2025-07-23,0.0,0.0,0.0,0.0,0.0,0.0,0.0
10009329,50ETF购7月2850,,,,,,,2.85,19.0,,,,10,0.0,0.0,0.0,,上证50ETF,2.836,20.46,2025-07-23,0.0,0.0,0.0,0.0,0.0,0.0,0.0
10009328,50ETF购7月2800,,,,,,,2.8,19.0,,,,10,0.0,0.036,0.0,,上证50ETF,2.836,20.46,2025-07-23,0.0,0.0,0.0,0.0,0.0,0.0,0.0
10009327,50ETF购7月2750,,,,,,,2.75,19.0,,,,10,0.0,0.086,0.0,,上证50ETF,2.836,20.46,2025-07-23,0.0,0.0,0.0,0.0,0.0,0.0,0.0
10009326,50ETF购7月2700,,,,,,,2.7,19.0,,,,10,0.0,0.136,0.0,,上证50ETF,2.836,20.46,2025-07-23,0.0,0.0,0.0,0.0,0.0,0.0,0.0
10009325,50ETF购7月2650,,,,,,,2.65,19.0,,,,10,0.0,0.186,0.0,,上证50ETF,2.836,20.46,2025-07-23,0.0,0.0,0.0,0.0,0.0,0.0,0.0
10009324,50ETF购7月2600,,,,,,,2.6,19.0,,,,10,0.0,0.236,0.0,,上证50ETF,2.836,20.46,2025-07-23,0.0,0.0,0.0,0.0,0.0,0.0,0.0
10009323,50ETF购7月2550,,,,,,,2.55,19.0,,,,10,0.0,0.286,0.0,,上证50ETF,2.836,20.46,2025-07-23,0.0,0.0,0.0,0.0,0.0,0.0,0.0
10009322,科创50沽12月800,,,,,,,0.8,173.0,,,,10,0.008,0.0,0.0,,科创50ETF,1.035,41.89,2025-12-24,0.0,0.0,0.0,0.0,0.0,0.0,0.0
10009321,科创50购12月800,,,,,,,0.8,173.0,,,,10,0.013,0.235,0.0,,科创50ETF,1.035,41.89,2025-12-24,0.0,0.0,0.0,0.0,0.0,0.0,0.0
10009320,科创板50沽12月800,,,,,,,0.8,173.0,,,,10,0.008,0.0,0.0,,科创板50ETF,1.01,41.24,2025-12-24,0.0,0.0,0.0,0.0,0.0,0.0,0.0
10009319,科创板50购12月800,,,,,,,0.8,173.0,,,,10,0.011,0.21,0.0,,科创板50ETF,1.01,41.24,2025-12-24,0.0,0.0,0.0,0.0,0.0,0.0,0.0
10009318,50ETF沽12月3000,,,,,,,3.0,173.0,,,,10,0.0709,0.164,0.0,,上证50ETF,2.836,20.46,2025-12-24,0.0,0.0,0.0,0.0,0.0,0.0,0.0
10009317,50ETF购12月3000,,,,,,,3.0,173.0,,,,10,0.058,0.0,0.0,,上证50ETF,2.836,20.46,2025-12-24,0.0,0.0,0.0,0.0,0.0,0.0,0.0
10009314,300ETF沽12月4303A,,,,,,,4.303,173.0,,,,10,0.1275,0.271,0.0,,沪深300ETF,4.032,23.52,2025-12-24,0.0,0.0,0.0,0.0,0.0,0.0,0.0
10009313,300ETF购12月4303A,,,,,,,4.303,173.0,,,,10,0.0621,0.0,0.0,,沪深300ETF,4.032,23.52,2025-12-24,0.0,0.0,0.0,0.0,0.0,0.0,0.0
10009312,50ETF沽12月2950,,,,,,,2.95,173.0,,,,10,0.0828,0.114,0.0,,上证50ETF,2.836,20.46,2025-12-24,0.0,0.0,0.0,0.0,0.0,0.0,0.0
10009311,50ETF购12月2950,,,,,,,2.95,173.0,,,,10,0.07,0.0,0.0,,上证50ETF,2.836,20.46,2025-12-24,0.0,0.0,0.0,0.0,0.0,0.0,0.0
10009310,科创50沽12月1300,,,,,,,1.3,173.0,,,,10,0.0236,0.265,0.0,,科创50ETF,1.035,41.89,2025-12-24,0.0,0.0,0.0,0.0,0.0,0.0,0.0
10009309,科创50购12月1300,,,,,,,1.3,173.0,,,,10,0.0172,0.0,0.0,,科创50ETF,1.035,41.89,2025-12-24,0.0,0.0,0.0,0.0,0.0,0.0,0.0
10009308,500ETF沽12月4800,,,,,,,4.8,173.0,,,,10,0.0449,0.0,0.0,,中证500ETF,5.963,27.06,2025-12-24,0.0,0.0,0.0,0.0,0.0,0.0,0.0
10009307,500ETF购12月4800,,,,,,,4.8,173.0,,,,10,0.019,1.163,0.0,,中证500ETF,5.963,27.06,2025-12-24,0.0,0.0,0.0,0.0,0.0,0.0,0.0
10009306,科创板50沽12月1250,,,,,,,1.25,173.0,,,,10,0.0249,0.24,0.0,,科创板50ETF,1.01,41.24,2025-12-24,0.0,0.0,0.0,0.0,0.0,0.0,0.0
10009305,科创板50沽12月1200,,,,,,,1.2,173.0,,,,10,0.0302,0.19,0.0,,科创板50ETF,1.01,41.24,2025-12-24,0.0,0.0,0.0,0.0,0.0,0.0,0.0
10009304,科创板50沽12月1150,,,,,,,1.15,173.0,,,,10,0.0371,0.14,0.0,,科创板50ETF,1.01,41.24,2025-12-24,0.0,0.0,0.0,0.0,0.0,0.0,0.0
10009303,科创板50沽12月1100,,,,,,,1.1,173.0,,,,10,0.0464,0.09,0.0,,科创板50ETF,1.01,41.24,2025-12-24,0.0,0.0,0.0,0.0,0.0,0.0,0.0
10009302,科创板50沽12月1050,,,,,,,1.05,173.0,,,,10,0.0599,0.04,0.0,,科创板50ETF,1.01,41.24,2025-12-24,0.0,0.0,0.0,0.0,0.0,0.0,0.0
10009301,科创板50沽12月1000,,,,,,,1.0,173.0,,,,10,0.0671,0.0,0.0,,科创板50ETF,1.01,41.24,2025-12-24,0.0,0.0,0.0,0.0,0.0,0.0,0.0
10009300,科创板50沽12月950,,,,,,,0.95,173.0,,,,10,0.0434,0.0,0.0,,科创板50ETF,1.01,41.24,2025-12-24,0.0,0.0,0.0,0.0,0.0,0.0,0.0
10009299,科创板50沽12月900,,,,,,,0.9,173.0,,,,10,0.0256,0.0,0.0,,科创板50ETF,1.01,41.24,2025-12-24,0.0,0.0,0.0,0.0,0.0,0.0,0.0
10009298,科创板50沽12月850,,,,,,,0.85,173.0,,,,10,0.0151,0.0,0.0,,科创板50ETF,1.01,41.24,2025-12-24,0.0,0.0,0.0,0.0,0.0,0.0,0.0
10009297,科创板50购12月1250,,,,,,,1.25,173.0,,,,10,0.0171,0.0,0.0,,科创板50ETF,1.01,41.24,2025-12-24,0.0,0.0,0.0,0.0,0.0,0.0,0.0
10009296,科创板50购12月1200,,,,,,,1.2,173.0,,,,10,0.0218,0.0,0.0,,科创板50ETF,1.01,41.24,2025-12-24,0.0,0.0,0.0,0.0,0.0,0.0,0.0
10009295,科创板50购12月1150,,,,,,,1.15,173.0,,,,10,0.0292,0.0,0.0,,科创板50ETF,1.01,41.24,2025-12-24,0.0,0.0,0.0,0.0,0.0,0.0,0.0
10009294,科创板50购12月1100,,,,,,,1.1,173.0,,,,10,0.0383,0.0,0.0,,科创板50ETF,1.01,41.24,2025-12-24,0.0,0.0,0.0,0.0,0.0,0.0,0.0
10009293,科创板50购12月1050,,,,,,,1.05,173.0,,,,10,0.0514,0.0,0.0,,科创板50ETF,1.01,41.24,2025-12-24,0.0,0.0,0.0,0.0,0.0,0.0,0.0
10009292,科创板50购12月1000,,,,,,,1.0,173.0,,,,10,0.0581,0.01,0.0,,科创板50ETF,1.01,41.24,2025-12-24,0.0,0.0,0.0,0.0,0.0,0.0,0.0
10009291,科创板50购12月950,,,,,,,0.95,173.0,,,,10,0.0338,0.06,0.0,,科创板50ETF,1.01,41.24,2025-12-24,0.0,0.0,0.0,0.0,0.0,0.0,0.0
10009290,科创板50购12月900,,,,,,,0.9,173.0,,,,10,0.016,0.11,0.0,,科创板50ETF,1.01,41.24,2025-12-24,0.0,0.0,0.0,0.0,0.0,0.0,0.0
10009289,科创板50购12月850,,,,,,,0.85,173.0,,,,10,0.011,0.16,0.0,,科创板50ETF,1.01,41.24,2025-12-24,0.0,0.0,0.0,0.0,0.0,0.0,0.0
10009288,科创50沽12月1250,,,,,,,1.25,173.0,,,,10,0.0267,0.215,0.0,,科创50ETF,1.035,41.89,2025-12-24,0.0,0.0,0.0,0.0,0.0,0.0,0.0
10009287,科创50沽12月1200,,,,,,,1.2,173.0,,,,10,0.034,0.165,0.0,,科创50ETF,1.035,41.89,2025-12-24,0.0,0.0,0.0,0.0,0.0,0.0,0.0
10009286,科创50沽12月1150,,,,,,,1.15,173.0,,,,10,0.0404,0.115,0.0,,科创50ETF,1.035,41.89,2025-12-24,0.0,0.0,0.0,0.0,0.0,0.0,0.0
10009285,科创50沽12月1100,,,,,,,1.1,173.0,,,,10,0.0524,0.065,0.0,,科创50ETF,1.035,41.89,2025-12-24,0.0,0.0,0.0,0.0,0.0,0.0,0.0
10009284,科创50沽12月1050,,,,,,,1.05,173.0,,,,10,0.0697,0.015,0.0,,科创50ETF,1.035,41.89,2025-12-24,0.0,0.0,0.0,0.0,0.0,0.0,0.0
10009283,科创50沽12月1000,,,,,,,1.0,173.0,,,,10,0.057,0.0,0.0,,科创50ETF,1.035,41.89,2025-12-24,0.0,0.0,0.0,0.0,0.0,0.0,0.0
10009282,科创50沽12月950,,,,,,,0.95,173.0,,,,10,0.0362,0.0,0.0,,科创50ETF,1.035,41.89,2025-12-24,0.0,0.0,0.0,0.0,0.0,0.0,0.0
10009281,科创50沽12月900,,,,,,,0.9,173.0,,,,10,0.0214,0.0,0.0,,科创50ETF,1.035,41.89,2025-12-24,0.0,0.0,0.0,0.0,0.0,0.0,0.0
10009280,科创50沽12月850,,,,,,,0.85,173.0,,,,10,0.0126,0.0,0.0,,科创50ETF,1.035,41.89,2025-12-24,0.0,0.0,0.0,0.0,0.0,0.0,0.0
10009279,科创50购12月1250,,,,,,,1.25,173.0,,,,10,0.0215,0.0,0.0,,科创50ETF,1.035,41.89,2025-12-24,0.0,0.0,0.0,0.0,0.0,0.0,0.0
10009278,科创50购12月1200,,,,,,,1.2,173.0,,,,10,0.028,0.0,0.0,,科创50ETF,1.035,41.89,2025-12-24,0.0,0.0,0.0,0.0,0.0,0.0,0.0
10009277,科创50购12月1150,,,,,,,1.15,173.0,,,,10,0.0362,0.0,0.0,,科创50ETF,1.035,41.89,2025-12-24,0.0,0.0,0.0,0.0,0.0,0.0,0.0
10009276,科创50购12月1100,,,,,,,1.1,173.0,,,,10,0.0482,0.0,0.0,,科创50ETF,1.035,41.89,2025-12-24,0.0,0.0,0.0,0.0,0.0,0.0,0.0
10009275,科创50购12月1050,,,,,,,1.05,173.0,,,,10,0.0648,0.0,0.0,,科创50ETF,1.035,41.89,2025-12-24,0.0,0.0,0.0,0.0,0.0,0.0,0.0
10009274,科创50购12月1000,,,,,,,1.0,173.0,,,,10,0.0513,0.035,0.0,,科创50ETF,1.035,41.89,2025-12-24,0.0,0.0,0.0,0.0,0.0,0.0,0.0
10009273,科创50购12月950,,,,,,,0.95,173.0,,,,10,0.0312,0.085,0.0,,科创50ETF,1.035,41.89,2025-12-24,0.0,0.0,0.0,0.0,0.0,0.0,0.0
10009272,科创50购12月900,,,,,,,0.9,173.0,,,,10,0.0165,0.135,0.0,,科创50ETF,1.035,41.89,2025-12-24,0.0,0.0,0.0,0.0,0.0,0.0,0.0
10009271,科创50购12月850,,,,,,,0.85,173.0,,,,10,0.013,0.185,0.0,,科创50ETF,1.035,41.89,2025-12-24,0.0,0.0,0.0,0.0,0.0,0.0,0.0
10009270,500ETF沽12月6750,,,,,,,6.75,173.0,,,,10,0.2766,0.787,0.0,,中证500ETF,5.963,27.06,2025-12-24,0.0,0.0,0.0,0.0,0.0,0.0,0.0
10009269,500ETF沽12月6500,,,,,,,6.5,173.0,,,,10,0.3031,0.537,0.0,,中证500ETF,5.963,27.06,2025-12-24,0.0,0.0,0.0,0.0,0.0,0.0,0.0
10009268,500ETF沽12月6250,,,,,,,6.25,173.0,,,,10,0.3404,0.287,0.0,,中证500ETF,5.963,27.06,2025-12-24,0.0,0.0,0.0,0.0,0.0,0.0,0.0
10009267,500ETF沽12月6000,,,,,,,6.0,173.0,,,,10,0.3996,0.037,0.0,,中证500ETF,5.963,27.06,2025-12-24,0.0,0.0,0.0,0.0,0.0,0.0,0.0
10009266,500ETF沽12月5750,,,,,,,5.75,173.0,,,,10,0.2884,0.0,0.0,,中证500ETF,5.963,27.06,2025-12-24,0.0,0.0,0.0,0.0,0.0,0.0,0.0
10009265,500ETF沽12月5500,,,,,,,5.5,173.0,,,,10,0.1832,0.0,0.0,,中证500ETF,5.963,27.06,2025-12-24,0.0,0.0,0.0,0.0,0.0,0.0,0.0
10009264,500ETF沽12月5250,,,,,,,5.25,173.0,,,,10,0.1102,0.0,0.0,,中证500ETF,5.963,27.06,2025-12-24,0.0,0.0,0.0,0.0,0.0,0.0,0.0
10009263,500ETF沽12月5000,,,,,,,5.0,173.0,,,,10,0.0656,0.0,0.0,,中证500ETF,5.963,27.06,2025-12-24,0.0,0.0,0.0,0.0,0.0,0.0,0.0
10009262,500ETF沽12月4900,,,,,,,4.9,173.0,,,,10,0.0547,0.0,0.0,,中证500ETF,5.963,27.06,2025-12-24,0.0,0.0,0.0,0.0,0.0,0.0,0.0
10009261,500ETF购12月6750,,,,,,,6.75,173.0,,,,10,0.0548,0.0,0.0,,中证500ETF,5.963,27.06,2025-12-24,0.0,0.0,0.0,0.0,0.0,0.0,0.0
10009260,500ETF购12月6500,,,,,,,6.5,173.0,,,,10,0.0782,0.0,0.0,,中证500ETF,5.963,27.06,2025-12-24,0.0,0.0,0.0,0.0,0.0,0.0,0.0
10009259,500ETF购12月6250,,,,,,,6.25,173.0,,,,10,0.1165,0.0,0.0,,中证500ETF,5.963,27.06,2025-12-24,0.0,0.0,0.0,0.0,0.0,0.0,0.0
10009258,500ETF购12月6000,,,,,,,6.0,173.0,,,,10,0.1801,0.0,0.0,,中证500ETF,5.963,27.06,2025-12-24,0.0,0.0,0.0,0.0,0.0,0.0,0.0
10009257,500ETF购12月5750,,,,,,,5.75,173.0,,,,10,0.0653,0.213,0.0,,中证500ETF,5.963,27.06,2025-12-24,0.0,0.0,0.0,0.0,0.0,0.0,0.0
10009256,500ETF购12月5500,,,,,,,5.5,173.0,,,,10,0.019,0.463,0.0,,中证500ETF,5.963,27.06,2025-12-24,0.0,0.0,0.0,0.0,0.0,0.0,0.0
10009255,500ETF购12月5250,,,,,,,5.25,173.0,,,,10,0.019,0.713,0.0,,中证500ETF,5.963,27.06,2025-12-24,0.0,0.0,0.0,0.0,0.0,0.0,0.0
10009254,500ETF购12月5000,,,,,,,5.0,173.0,,,,10,0.019,0.963,0.0,,中证500ETF,5.963,27.06,2025-12-24,0.0,0.0,0.0,0.0,0.0,0.0,0.0
10009253,500ETF购12月4900,,,,,,,4.9,173.0,,,,10,0.019,1.063,0.0,,中证500ETF,5.963,27.06,2025-12-24,0.0,0.0,0.0,0.0,0.0,0.0,0.0
10009252,300ETF沽12月4205A,,,,,,,4.205,173.0,,,,10,0.149,0.173,0.0,,沪深300ETF,4.032,23.52,2025-12-24,0.0,0.0,0.0,0.0,0.0,0.0,0.0
10009251,300ETF沽12月4107A,,,,,,,4.107,173.0,,,,10,0.1777,0.075,0.0,,沪深300ETF,4.032,23.52,2025-12-24,0.0,0.0,0.0,0.0,0.0,0.0,0.0
10009250,300ETF沽12月4009A,,,,,,,4.009,173.0,,,,10,0.1917,0.0,0.0,,沪深300ETF,4.032,23.52,2025-12-24,0.0,0.0,0.0,0.0,0.0,0.0,0.0
10009249,300ETF沽12月3912A,,,,,,,3.912,173.0,,,,10,0.1412,0.0,0.0,,沪深300ETF,4.032,23.52,2025-12-24,0.0,0.0,0.0,0.0,0.0,0.0,0.0
10009248,300ETF沽12月3814A,,,,,,,3.814,173.0,,,,10,0.0999,0.0,0.0,,沪深300ETF,4.032,23.52,2025-12-24,0.0,0.0,0.0,0.0,0.0,0.0,0.0
10009247,300ETF沽12月3716A,,,,,,,3.716,173.0,,,,10,0.0696,0.0,0.0,,沪深300ETF,4.032,23.52,2025-12-24,0.0,0.0,0.0,0.0,0.0,0.0,0.0
10009246,300ETF沽12月3618A,,,,,,,3.618,173.0,,,,10,0.0475,0.0,0.0,,沪深300ETF,4.032,23.52,2025-12-24,0.0,0.0,0.0,0.0,0.0,0.0,0.0
10009245,300ETF沽12月3520A,,,,,,,3.52,173.0,,,,10,0.0322,0.0,0.0,,沪深300ETF,4.032,23.52,2025-12-24,0.0,0.0,0.0,0.0,0.0,0.0,0.0
10009244,300ETF沽12月3423A,,,,,,,3.423,173.0,,,,10,0.0,0.0,0.0,,沪深300ETF,4.032,23.52,2025-12-24,0.0,0.0,0.0,0.0,0.0,0.0,0.0
10009243,300ETF购12月4205A,,,,,,,4.205,173.0,,,,10,0.0,0.0,0.0,,沪深300ETF,4.032,23.52,2025-12-24,0.0,0.0,0.0,0.0,0.0,0.0,0.0
10009242,300ETF购12月4107A,,,,,,,4.107,173.0,,,,10,0.0,0.0,0.0,,沪深300ETF,4.032,23.52,2025-12-24,0.0,0.0,0.0,0.0,0.0,0.0,0.0
10009241,300ETF购12月4009A,,,,,,,4.009,173.0,,,,10,0.0,0.023,0.0,,沪深300ETF,4.032,23.52,2025-12-24,0.0,0.0,0.0,0.0,0.0,0.0,0.0
10009240,300ETF购12月3912A,,,,,,,3.912,173.0,,,,10,0.0,0.12,0.0,,沪深300ETF,4.032,23.52,2025-12-24,0.0,0.0,0.0,0.0,0.0,0.0,0.0
10009239,300ETF购12月3814A,,,,,,,3.814,173.0,,,,10,0.0,0.218,0.0,,沪深300ETF,4.032,23.52,2025-12-24,0.0,0.0,0.0,0.0,0.0,0.0,0.0
10009238,300ETF购12月3716A,,,,,,,3.716,173.0,,,,10,0.0,0.316,0.0,,沪深300ETF,4.032,23.52,2025-12-24,0.0,0.0,0.0,0.0,0.0,0.0,0.0
10009237,300ETF购12月3618A,,,,,,,3.618,173.0,,,,10,0.0,0.414,0.0,,沪深300ETF,4.032,23.52,2025-12-24,0.0,0.0,0.0,0.0,0.0,0.0,0.0
10009236,300ETF购12月3520A,,,,,,,3.52,173.0,,,,10,0.0,0.512,0.0,,沪深300ETF,4.032,23.52,2025-12-24,0.0,0.0,0.0,0.0,0.0,0.0,0.0
10009235,300ETF购12月3423A,,,,,,,3.423,173.0,,,,10,0.0,0.609,0.0,,沪深300ETF,4.032,23.52,2025-12-24,0.0,0.0,0.0,0.0,0.0,0.0,0.0
10009234,50ETF沽12月2900,,,,,,,2.9,173.0,,,,10,0.0,0.064,0.0,,上证50ETF,2.836,20.46,2025-12-24,0.0,0.0,0.0,0.0,0.0,0.0,0.0
10009233,50ETF沽12月2850,,,,,,,2.85,173.0,,,,10,0.0,0.014,0.0,,上证50ETF,2.836,20.46,2025-12-24,0.0,0.0,0.0,0.0,0.0,0.0,0.0
10009232,50ETF沽12月2800,,,,,,,2.8,173.0,,,,10,0.0,0.0,0.0,,上证50ETF,2.836,20.46,2025-12-24,0.0,0.0,0.0,0.0,0.0,0.0,0.0
10009231,50ETF沽12月2750,,,,,,,2.75,173.0,,,,10,0.0,0.0,0.0,,上证50ETF,2.836,20.46,2025-12-24,0.0,0.0,0.0,0.0,0.0,0.0,0.0
10009230,50ETF沽12月2700,,,,,,,2.7,173.0,,,,10,0.0,0.0,0.0,,上证50ETF,2.836,20.46,2025-12-24,0.0,0.0,0.0,0.0,0.0,0.0,0.0
10009229,50ETF沽12月2650,,,,,,,2.65,173.0,,,,10,0.0,0.0,0.0,,上证50ETF,2.836,20.46,2025-12-24,0.0,0.0,0.0,0.0,0.0,0.0,0.0
10009228,50ETF沽12月2600,,,,,,,2.6,173.0,,,,10,0.0,0.0,0.0,,上证50ETF,2.836,20.46,2025-12-24,0.0,0.0,0.0,0.0,0.0,0.0,0.0
10009227,50ETF沽12月2550,,,,,,,2.55,173.0,,,,10,0.0,0.0,0.0,,上证50ETF,2.836,20.46,2025-12-24,0.0,0.0,0.0,0.0,0.0,0.0,0.0
10009226,50ETF沽12月2500,,,,,,,2.5,173.0,,,,10,0.0,0.0,0.0,,上证50ETF,2.836,20.46,2025-12-24,0.0,0.0,0.0,0.0,0.0,0.0,0.0
10009225,50ETF购12月2900,,,,,,,2.9,173.0,,,,10,0.0,0.0,0.0,,上证50ETF,2.836,20.46,2025-12-24,0.0,0.0,0.0,0.0,0.0,0.0,0.0
10009224,50ETF购12月2850,,,,,,,2.85,173.0,,,,10,0.0,0.0,0.0,,上证50ETF,2.836,20.46,2025-12-24,0.0,0.0,0.0,0.0,0.0,0.0,0.0
10009223,50ETF购12月2800,,,,,,,2.8,173.0,,,,10,0.0,0.036,0.0,,上证50ETF,2.836,20.46,2025-12-24,0.0,0.0,0.0,0.0,0.0,0.0,0.0
10009222,50ETF购12月2750,,,,,,,2.75,173.0,,,,10,0.0,0.086,0.0,,上证50ETF,2.836,20.46,2025-12-24,0.0,0.0,0.0,0.0,0.0,0.0,0.0
10009221,50ETF购12月2700,,,,,,,2.7,173.0,,,,10,0.0,0.136,0.0,,上证50ETF,2.836,20.46,2025-12-24,0.0,0.0,0.0,0.0,0.0,0.0,0.0
10009220,50ETF购12月2650,,,,,,,2.65,173.0,,,,10,0.0,0.186,0.0,,上证50ETF,2.836,20.46,2025-12-24,0.0,0.0,0.0,0.0,0.0,0.0,0.0
10009219,50ETF购12月2600,,,,,,,2.6,173.0,,,,10,0.0,0.236,0.0,,上证50ETF,2.836,20.46,2025-12-24,0.0,0.0,0.0,0.0,0.0,0.0,0.0
10009218,50ETF购12月2550,,,,,,,2.55,173.0,,,,10,0.0,0.286,0.0,,上证50ETF,2.836,20.46,2025-12-24,0.0,0.0,0.0,0.0,0.0,0.0,0.0
10009217,50ETF购12月2500,,,,,,,2.5,173.0,,,,10,0.0,0.336,0.0,,上证50ETF,2.836,20.46,2025-12-24,0.0,0.0,0.0,0.0,0.0,0.0,0.0
10009216,科创板50沽9月750,,,,,,,0.75,82.0,,,,10,0.0,0.0,0.0,,科创板50ETF,1.01,41.24,2025-09-24,0.0,0.0,0.0,0.0,0.0,0.0,0.0
10009215,科创板50购9月750,,,,,,,0.75,82.0,,,,10,0.0,0.26,0.0,,科创板50ETF,1.01,41.24,2025-09-24,0.0,0.0,0.0,0.0,0.0,0.0,0.0
10009206,科创50沽9月750,,,,,,,0.75,82.0,,,,10,0.0,0.0,0.0,,科创50ETF,1.035,41.89,2025-09-24,0.0,0.0,0.0,0.0,0.0,0.0,0.0
10009205,科创50购9月750,,,,,,,0.75,82.0,,,,10,0.0,0.285,0.0,,科创50ETF,1.035,41.89,2025-09-24,0.0,0.0,0.0,0.0,0.0,0.0,0.0
10009194,500ETF沽9月4700,,,,,,,4.7,82.0,,,,10,0.0,0.0,0.0,,中证500ETF,5.963,27.06,2025-09-24,0.0,0.0,0.0,0.0,0.0,0.0,0.0
10009193,500ETF购9月4700,,,,,,,4.7,82.0,,,,10,0.0,1.263,0.0,,中证500ETF,5.963,27.06,2025-09-24,0.0,0.0,0.0,0.0,0.0,0.0,0.0
10009182,300ETF沽9月3325A,,,,,,,3.325,82.0,,,,10,0.0,0.0,0.0,,沪深300ETF,4.032,23.52,2025-09-24,0.0,0.0,0.0,0.0,0.0,0.0,0.0
10009181,300ETF沽9月3227A,,,,,,,3.227,82.0,,,,10,0.0,0.0,0.0,,沪深300ETF,4.032,23.52,2025-09-24,0.0,0.0,0.0,0.0,0.0,0.0,0.0
10009180,300ETF购9月3325A,,,,,,,3.325,82.0,,,,10,0.0,0.707,0.0,,沪深300ETF,4.032,23.52,2025-09-24,0.0,0.0,0.0,0.0,0.0,0.0,0.0
10009179,300ETF购9月3227A,,,,,,,3.227,82.0,,,,10,0.0,0.805,0.0,,沪深300ETF,4.032,23.52,2025-09-24,0.0,0.0,0.0,0.0,0.0,0.0,0.0
10009164,50ETF沽9月2350,,,,,,,2.35,82.0,,,,10,0.0,0.0,0.0,,上证50ETF,2.836,20.46,2025-09-24,0.0,0.0,0.0,0.0,0.0,0.0,0.0
10009163,50ETF购9月2350,,,,,,,2.35,82.0,,,,10,0.0,0.486,0.0,,上证50ETF,2.836,20.46,2025-09-24,0.0,0.0,0.0,0.0,0.0,0.0,0.0
10009048,500ETF沽9月7250,,,,,,,7.25,82.0,,,,10,0.0,1.287,0.0,,中证500ETF,5.963,27.06,2025-09-24,0.0,0.0,0.0,0.0,0.0,0.0,0.0
10009047,500ETF购9月7250,,,,,,,7.25,82.0,,,,10,0.0,0.0,0.0,,中证500ETF,5.963,27.06,2025-09-24,0.0,0.0,0.0,0.0,0.0,0.0,0.0
10009040,50ETF沽9月3000,,,,,,,3.0,82.0,,,,10,0.0,0.164,0.0,,上证50ETF,2.836,20.46,2025-09-24,0.0,0.0,0.0,0.0,0.0,0.0,0.0
10009039,50ETF购9月3000,,,,,,,3.0,82.0,,,,10,0.0,0.0,0.0,,上证50ETF,2.836,20.46,2025-09-24,0.0,0.0,0.0,0.0,0.0,0.0,0.0
10008930,科创50沽9月1400,,,,,,,1.4,82.0,,,,10,0.0,0.365,0.0,,科创50ETF,1.035,41.89,2025-09-24,0.0,0.0,0.0,0.0,0.0,0.0,0.0
10008929,科创50购9月1400,,,,,,,1.4,82.0,,,,10,0.0,0.0,0.0,,科创50ETF,1.035,41.89,2025-09-24,0.0,0.0,0.0,0.0,0.0,0.0,0.0
10008924,科创板50沽9月1350,,,,,,,1.35,82.0,,,,10,0.0,0.34,0.0,,科创板50ETF,1.01,41.24,2025-09-24,0.0,0.0,0.0,0.0,0.0,0.0,0.0
10008923,科创板50购9月1350,,,,,,,1.35,82.0,,,,10,0.0,0.0,0.0,,科创板50ETF,1.01,41.24,2025-09-24,0.0,0.0,0.0,0.0,0.0,0.0,0.0
10008916,科创板50沽9月1300,,,,,,,1.3,82.0,,,,10,0.0,0.29,0.0,,科创板50ETF,1.01,41.24,2025-09-24,0.0,0.0,0.0,0.0,0.0,0.0,0.0
10008915,科创板50购9月1300,,,,,,,1.3,82.0,,,,10,0.0,0.0,0.0,,科创板50ETF,1.01,41.24,2025-09-24,0.0,0.0,0.0,0.0,0.0,0.0,0.0
10008912,科创50沽9月1350,,,,,,,1.35,82.0,,,,10,0.0,0.315,0.0,,科创50ETF,1.035,41.89,2025-09-24,0.0,0.0,0.0,0.0,0.0,0.0,0.0
10008911,科创50购9月1350,,,,,,,1.35,82.0,,,,10,0.0,0.0,0.0,,科创50ETF,1.035,41.89,2025-09-24,0.0,0.0,0.0,0.0,0.0,0.0,0.0
10008908,300ETF沽9月4401A,,,,,,,4.401,82.0,,,,10,0.0,0.369,0.0,,沪深300ETF,4.032,23.52,2025-09-24,0.0,0.0,0.0,0.0,0.0,0.0,0.0
10008907,300ETF购9月4401A,,,,,,,4.401,82.0,,,,10,0.0,0.0,0.0,,沪深300ETF,4.032,23.52,2025-09-24,0.0,0.0,0.0,0.0,0.0,0.0,0.0
10008906,50ETF沽9月2950,,,,,,,2.95,82.0,,,,10,0.0,0.114,0.0,,上证50ETF,2.836,20.46,2025-09-24,0.0,0.0,0.0,0.0,0.0,0.0,0.0
10008905,50ETF购9月2950,,,,,,,2.95,82.0,,,,10,0.0,0.0,0.0,,上证50ETF,2.836,20.46,2025-09-24,0.0,0.0,0.0,0.0,0.0,0.0,0.0
10008904,500ETF沽9月7000,,,,,,,7.0,82.0,,,,10,0.0,1.037,0.0,,中证500ETF,5.963,27.06,2025-09-24,0.0,0.0,0.0,0.0,0.0,0.0,0.0
10008903,500ETF购9月7000,,,,,,,7.0,82.0,,,,10,0.0,0.0,0.0,,中证500ETF,5.963,27.06,2025-09-24,0.0,0.0,0.0,0.0,0.0,0.0,0.0
10008896,50ETF沽9月2900,,,,,,,2.9,82.0,,,,10,0.0,0.064,0.0,,上证50ETF,2.836,20.46,2025-09-24,0.0,0.0,0.0,0.0,0.0,0.0,0.0
10008895,50ETF购9月2900,,,,,,,2.9,82.0,,,,10,0.0,0.0,0.0,,上证50ETF,2.836,20.46,2025-09-24,0.0,0.0,0.0,0.0,0.0,0.0,0.0
10008894,科创50沽9月1300,,,,,,,1.3,82.0,,,,10,0.0,0.265,0.0,,科创50ETF,1.035,41.89,2025-09-24,0.0,0.0,0.0,0.0,0.0,0.0,0.0
10008893,科创50购9月1300,,,,,,,1.3,82.0,,,,10,0.0,0.0,0.0,,科创50ETF,1.035,41.89,2025-09-24,0.0,0.0,0.0,0.0,0.0,0.0,0.0
10008892,300ETF沽9月4303A,,,,,,,4.303,82.0,,,,10,0.0,0.271,0.0,,沪深300ETF,4.032,23.52,2025-09-24,8.85,0.0,0.0,0.0,0.0,0.0,0.0
10008891,300ETF购9月4303A,,,,,,,4.303,82.0,,,,10,0.0,0.0,0.0,,沪深300ETF,4.032,23.52,2025-09-24,226.52,0.0,0.0,0.0,0.0,0.0,0.0
10008890,科创板50沽9月1250,,,,,,,1.25,82.0,,,,10,0.0,0.24,0.0,,科创板50ETF,1.01,41.24,2025-09-24,3.49,0.0,0.0,0.0,0.0,0.0,0.0
10008889,科创板50购9月1250,,,,,,,1.25,82.0,,,,10,0.0,0.0,0.0,,科创板50ETF,1.01,41.24,2025-09-24,187.04,0.0,0.0,0.0,0.0,0.0,0.0
10008888,500ETF沽9月6750,,,,,,,6.75,82.0,,,,10,0.0,0.787,0.0,,中证500ETF,5.963,27.06,2025-09-24,4.99,0.0,0.0,0.0,0.0,0.0,0.0
10008887,500ETF购9月6750,,,,,,,6.75,82.0,,,,10,0.0,0.0,0.0,,中证500ETF,5.963,27.06,2025-09-24,496.92,0.0,0.0,0.0,0.0,0.0,0.0
10008886,50ETF沽9月2850,,,,,,,2.85,82.0,,,,10,0.0,0.014,0.0,,上证50ETF,2.836,20.46,2025-09-24,19.89,0.0,0.0,0.0,0.0,0.0,0.0
10008885,50ETF购9月2850,,,,,,,2.85,82.0,,,,10,0.0,0.0,0.0,,上证50ETF,2.836,20.46,2025-09-24,61.25,0.0,0.0,0.0,0.0,0.0,0.0
10008884,科创50沽9月800,,,,,,,0.8,82.0,,,,10,0.0,0.0,0.0,,科创50ETF,1.035,41.89,2025-09-24,211.22,0.0,0.0,0.0,0.0,0.0,0.0
10008883,科创50购9月800,,,,,,,0.8,82.0,,,,10,0.0,0.235,0.0,,科创50ETF,1.035,41.89,2025-09-24,5.02,0.0,0.0,0.0,0.0,0.0,0.0
10008882,科创板50沽9月1200,,,,,,,1.2,82.0,,,,10,0.0,0.19,0.0,,科创板50ETF,1.01,41.24,2025-09-24,4.2,0.0,0.0,0.0,0.0,0.0,0.0
10008881,科创板50沽9月1150,,,,,,,1.15,82.0,,,,10,0.0,0.14,0.0,,科创板50ETF,1.01,41.24,2025-09-24,5.22,0.0,0.0,0.0,0.0,0.0,0.0
10008880,科创板50沽9月1100,,,,,,,1.1,82.0,,,,10,0.0,0.09,0.0,,科创板50ETF,1.01,41.24,2025-09-24,6.85,0.0,0.0,0.0,0.0,0.0,0.0
10008879,科创板50沽9月1050,,,,,,,1.05,82.0,,,,10,0.0,0.04,0.0,,科创板50ETF,1.01,41.24,2025-09-24,9.71,0.0,0.0,0.0,0.0,0.0,0.0
10008878,科创板50沽9月1000,,,,,,,1.0,82.0,,,,10,0.0,0.0,0.0,,科创板50ETF,1.01,41.24,2025-09-24,15.23,0.0,0.0,0.0,0.0,0.0,0.0
10008877,科创板50沽9月950,,,,,,,0.95,82.0,,,,10,0.0,0.0,0.0,,科创板50ETF,1.01,41.24,2025-09-24,27.52,0.0,0.0,0.0,0.0,0.0,0.0
10008876,科创板50沽9月900,,,,,,,0.9,82.0,,,,10,0.0113,0.0,0.0,,科创板50ETF,1.01,41.24,2025-09-24,52.88,0.0,0.0,0.0,0.0,0.0,0.0
10008875,科创板50沽9月850,,,,,,,0.85,82.0,,,,10,0.0057,0.0,0.0,,科创板50ETF,1.01,41.24,2025-09-24,105.21,0.0,0.0,0.0,0.0,0.0,0.0
10008874,科创板50沽9月800,,,,,,,0.8,82.0,,,,10,0.0035,0.0,0.0,,科创板50ETF,1.01,41.24,2025-09-24,194.23,0.0,0.0,0.0,0.0,0.0,0.0
10008873,科创板50购9月1200,,,,,,,1.2,82.0,,,,10,0.0131,0.0,0.0,,科创板50ETF,1.01,41.24,2025-09-24,144.29,0.0,0.0,0.0,0.0,0.0,0.0
10008872,科创板50购9月1150,,,,,,,1.15,82.0,,,,10,0.0175,0.0,0.0,,科创板50ETF,1.01,41.24,2025-09-24,110.99,0.0,0.0,0.0,0.0,0.0,0.0
10008871,科创板50购9月1100,,,,,,,1.1,82.0,,,,10,0.0226,0.0,0.0,,科创板50ETF,1.01,41.24,2025-09-24,78.91,0.0,0.0,0.0,0.0,0.0,0.0
10008870,科创板50购9月1050,,,,,,,1.05,82.0,,,,10,0.0333,0.0,0.0,,科创板50ETF,1.01,41.24,2025-09-24,52.33,0.0,0.0,0.0,0.0,0.0,0.0
10008869,科创板50购9月1000,,,,,,,1.0,82.0,,,,10,0.0418,0.01,0.0,,科创板50ETF,1.01,41.24,2025-09-24,32.69,0.0,0.0,0.0,0.0,0.0,0.0
10008868,科创板50购9月950,,,,,,,0.95,82.0,,,,10,0.0203,0.06,0.0,,科创板50ETF,1.01,41.24,2025-09-24,19.5,0.0,0.0,0.0,0.0,0.0,0.0
10008867,科创板50购9月900,,,,,,,0.9,82.0,,,,10,0.012,0.11,0.0,,科创板50ETF,1.01,41.24,2025-09-24,12.05,0.0,0.0,0.0,0.0,0.0,0.0
10008866,科创板50购9月850,,,,,,,0.85,82.0,,,,10,0.012,0.16,0.0,,科创板50ETF,1.01,41.24,2025-09-24,7.65,0.0,0.0,0.0,0.0,0.0,0.0
10008865,科创板50购9月800,,,,,,,0.8,82.0,,,,10,0.012,0.21,0.0,,科创板50ETF,1.01,41.24,2025-09-24,5.55,0.0,0.0,0.0,0.0,0.0,0.0
10008864,科创50沽9月1250,,,,,,,1.25,82.0,,,,10,0.0127,0.215,0.0,,科创50ETF,1.035,41.89,2025-09-24,3.9,0.0,0.0,0.0,0.0,0.0,0.0
10008863,科创50沽9月1200,,,,,,,1.2,82.0,,,,10,0.0163,0.165,0.0,,科创50ETF,1.035,41.89,2025-09-24,4.77,0.0,0.0,0.0,0.0,0.0,0.0
10008862,科创50沽9月1150,,,,,,,1.15,82.0,,,,10,0.0219,0.115,0.0,,科创50ETF,1.035,41.89,2025-09-24,6.06,0.0,0.0,0.0,0.0,0.0,0.0
10008861,科创50沽9月1100,,,,,,,1.1,82.0,,,,10,0.0312,0.065,0.0,,科创50ETF,1.035,41.89,2025-09-24,8.2,0.0,0.0,0.0,0.0,0.0,0.0
10008860,科创50沽9月1050,,,,,,,1.05,82.0,,,,10,0.0463,0.015,0.0,,科创50ETF,1.035,41.89,2025-09-24,12.11,0.0,0.0,0.0,0.0,0.0,0.0
10008859,科创50沽9月1000,,,,,,,1.0,82.0,,,,10,0.0339,0.0,0.0,,科创50ETF,1.035,41.89,2025-09-24,20.33,0.0,0.0,0.0,0.0,0.0,0.0
10008858,科创50沽9月950,,,,,,,0.95,82.0,,,,10,0.018,0.0,0.0,,科创50ETF,1.035,41.89,2025-09-24,36.7,0.0,0.0,0.0,0.0,0.0,0.0
10008857,科创50沽9月900,,,,,,,0.9,82.0,,,,10,0.0093,0.0,0.0,,科创50ETF,1.035,41.89,2025-09-24,73.4,0.0,0.0,0.0,0.0,0.0,0.0
10008856,科创50沽9月850,,,,,,,0.85,82.0,,,,10,0.0055,0.0,0.0,,科创50ETF,1.035,41.89,2025-09-24,123.21,0.0,0.0,0.0,0.0,0.0,0.0
10008855,科创50购9月1250,,,,,,,1.25,82.0,,,,10,0.0128,0.0,0.0,,科创50ETF,1.035,41.89,2025-09-24,156.82,0.0,0.0,0.0,0.0,0.0,0.0
10008854,科创50购9月1200,,,,,,,1.2,82.0,,,,10,0.0162,0.0,0.0,,科创50ETF,1.035,41.89,2025-09-24,121.76,0.0,0.0,0.0,0.0,0.0,0.0
10008853,科创50购9月1150,,,,,,,1.15,82.0,,,,10,0.0218,0.0,0.0,,科创50ETF,1.035,41.89,2025-09-24,87.71,0.0,0.0,0.0,0.0,0.0,0.0
10008852,科创50购9月1100,,,,,,,1.1,82.0,,,,10,0.0308,0.0,0.0,,科创50ETF,1.035,41.89,2025-09-24,61.61,0.0,0.0,0.0,0.0,0.0,0.0
10008851,科创50购9月1050,,,,,,,1.05,82.0,,,,10,0.0442,0.0,0.0,,科创50ETF,1.035,41.89,2025-09-24,39.66,0.0,0.0,0.0,0.0,0.0,0.0
10008850,科创50购9月1000,,,,,,,1.0,82.0,,,,10,0.0325,0.035,0.0,,科创50ETF,1.035,41.89,2025-09-24,24.53,0.0,0.0,0.0,0.0,0.0,0.0
10008849,科创50购9月950,,,,,,,0.95,82.0,,,,10,0.0169,0.085,0.0,,科创50ETF,1.035,41.89,2025-09-24,15.0,0.0,0.0,0.0,0.0,0.0,0.0
10008848,科创50购9月900,,,,,,,0.9,82.0,,,,10,0.013,0.135,0.0,,科创50ETF,1.035,41.89,2025-09-24,9.76,0.0,0.0,0.0,0.0,0.0,0.0
10008847,科创50购9月850,,,,,,,0.85,82.0,,,,10,0.013,0.185,0.0,,科创50ETF,1.035,41.89,2025-09-24,6.63,0.0,0.0,0.0,0.0,0.0,0.0
10008846,500ETF沽9月6500,,,,,,,6.5,82.0,,,,10,0.1998,0.537,0.0,,中证500ETF,5.963,27.06,2025-09-24,6.28,0.0,0.0,0.0,0.0,0.0,0.0
10008845,500ETF沽9月6250,,,,,,,6.25,82.0,,,,10,0.2381,0.287,0.0,,中证500ETF,5.963,27.06,2025-09-24,8.35,0.0,0.0,0.0,0.0,0.0,0.0
10008844,500ETF沽9月6000,,,,,,,6.0,82.0,,,,10,0.2969,0.037,0.0,,中证500ETF,5.963,27.06,2025-09-24,11.97,0.0,0.0,0.0,0.0,0.0,0.0
10008843,500ETF沽9月5750,,,,,,,5.75,82.0,,,,10,0.1907,0.0,0.0,,中证500ETF,5.963,27.06,2025-09-24,19.05,0.0,0.0,0.0,0.0,0.0,0.0
10008842,500ETF沽9月5500,,,,,,,5.5,82.0,,,,10,0.0985,0.0,0.0,,中证500ETF,5.963,27.06,2025-09-24,33.54,0.0,0.0,0.0,0.0,0.0,0.0
10008841,500ETF沽9月5250,,,,,,,5.25,82.0,,,,10,0.0483,0.0,0.0,,中证500ETF,5.963,27.06,2025-09-24,62.64,0.0,0.0,0.0,0.0,0.0,0.0
10008840,500ETF沽9月5000,,,,,,,5.0,82.0,,,,10,0.0266,0.0,0.0,,中证500ETF,5.963,27.06,2025-09-24,115.79,0.0,0.0,0.0,0.0,0.0,0.0
10008839,500ETF沽9月4900,,,,,,,4.9,82.0,,,,10,0.0209,0.0,0.0,,中证500ETF,5.963,27.06,2025-09-24,147.23,0.0,0.0,0.0,0.0,0.0,0.0
10008838,500ETF沽9月4800,,,,,,,4.8,82.0,,,,10,0.0167,0.0,0.0,,中证500ETF,5.963,27.06,2025-09-24,186.93,0.0,0.0,0.0,0.0,0.0,0.0
10008837,500ETF购9月6500,,,,,,,6.5,82.0,,,,10,0.0527,0.0,0.0,,中证500ETF,5.963,27.06,2025-09-24,318.88,0.0,0.0,0.0,0.0,0.0,0.0
10008836,500ETF购9月6250,,,,,,,6.25,82.0,,,,10,0.0861,0.0,0.0,,中证500ETF,5.963,27.06,2025-09-24,189.9,0.0,0.0,0.0,0.0,0.0,0.0
10008835,500ETF购9月6000,,,,,,,6.0,82.0,,,,10,0.15,0.0,0.0,,中证500ETF,5.963,27.06,2025-09-24,95.41,0.0,0.0,0.0,0.0,0.0,0.0
10008834,500ETF购9月5750,,,,,,,5.75,82.0,,,,10,0.0361,0.213,0.0,,中证500ETF,5.963,27.06,2025-09-24,47.97,0.0,0.0,0.0,0.0,0.0,0.0
10008833,500ETF购9月5500,,,,,,,5.5,82.0,,,,10,-0.05,0.463,0.0,,中证500ETF,5.963,27.06,2025-09-24,25.05,0.0,0.0,0.0,0.0,0.0,0.0
10008832,500ETF购9月5250,,,,,,,5.25,82.0,,,,10,-0.05,0.713,0.0,,中证500ETF,5.963,27.06,2025-09-24,13.86,0.0,0.0,0.0,0.0,0.0,0.0
10008831,500ETF购9月5000,,,,,,,5.0,82.0,,,,10,-0.05,0.963,0.0,,中证500ETF,5.963,27.06,2025-09-24,8.75,0.0,0.0,0.0,0.0,0.0,0.0
10008830,500ETF购9月4900,,,,,,,4.9,82.0,,,,10,-0.05,1.063,0.0,,中证500ETF,5.963,27.06,2025-09-24,7.64,0.0,0.0,0.0,0.0,0.0,0.0
10008829,500ETF购9月4800,,,,,,,4.8,82.0,,,,10,-0.05,1.163,0.0,,中证500ETF,5.963,27.06,2025-09-24,6.75,0.0,0.0,0.0,0.0,0.0,0.0
10008828,300ETF沽9月4205A,,,,,,,4.205,82.0,,,,10,0.097,0.173,0.0,,沪深300ETF,4.032,23.52,2025-09-24,11.01,0.0,0.0,0.0,0.0,0.0,0.0
10008827,300ETF沽9月4107A,,,,,,,4.107,82.0,,,,10,0.1232,0.075,0.0,,沪深300ETF,4.032,23.52,2025-09-24,14.38,0.0,0.0,0.0,0.0,0.0,0.0
10008826,300ETF沽9月4009A,,,,,,,4.009,82.0,,,,10,0.137,0.0,0.0,,沪深300ETF,4.032,23.52,2025-09-24,19.57,0.0,0.0,0.0,0.0,0.0,0.0
10008825,300ETF沽9月3912A,,,,,,,3.912,82.0,,,,10,0.0922,0.0,0.0,,沪深300ETF,4.032,23.52,2025-09-24,27.85,0.0,0.0,0.0,0.0,0.0,0.0
10008824,300ETF沽9月3814A,,,,,,,3.814,82.0,,,,10,0.0594,0.0,0.0,,沪深300ETF,4.032,23.52,2025-09-24,41.91,0.0,0.0,0.0,0.0,0.0,0.0
10008823,300ETF沽9月3716A,,,,,,,3.716,82.0,,,,10,0.0376,0.0,0.0,,沪深300ETF,4.032,23.52,2025-09-24,64.82,0.0,0.0,0.0,0.0,0.0,0.0
10008822,300ETF沽9月3618A,,,,,,,3.618,82.0,,,,10,0.0241,0.0,0.0,,沪深300ETF,4.032,23.52,2025-09-24,101.31,0.0,0.0,0.0,0.0,0.0,0.0
10008821,300ETF沽9月3520A,,,,,,,3.52,82.0,,,,10,0.0156,0.0,0.0,,沪深300ETF,4.032,23.52,2025-09-24,156.28,0.0,0.0,0.0,0.0,0.0,0.0
10008820,300ETF沽9月3423A,,,,,,,3.423,82.0,,,,10,0.0104,0.0,0.0,,沪深300ETF,4.032,23.52,2025-09-24,240.0,0.0,0.0,0.0,0.0,0.0,0.0
10008819,300ETF购9月4205A,,,,,,,4.205,82.0,,,,10,0.069,0.0,0.0,,沪深300ETF,4.032,23.52,2025-09-24,155.08,0.0,0.0,0.0,0.0,0.0,0.0
10008818,300ETF购9月4107A,,,,,,,4.107,82.0,,,,10,0.096,0.0,0.0,,沪深300ETF,4.032,23.52,2025-09-24,101.82,0.0,0.0,0.0,0.0,0.0,0.0
10008817,300ETF购9月4009A,,,,,,,4.009,82.0,,,,10,0.113,0.023,0.0,,沪深300ETF,4.032,23.52,2025-09-24,64.41,0.0,0.0,0.0,0.0,0.0,0.0
10008816,300ETF购9月3912A,,,,,,,3.912,82.0,,,,10,0.0641,0.12,0.0,,沪深300ETF,4.032,23.52,2025-09-24,42.0,0.0,0.0,0.0,0.0,0.0,0.0
10008815,300ETF购9月3814A,,,,,,,3.814,82.0,,,,10,0.0305,0.218,0.0,,沪深300ETF,4.032,23.52,2025-09-24,27.92,0.0,0.0,0.0,0.0,0.0,0.0
10008814,300ETF购9月3716A,,,,,,,3.716,82.0,,,,10,0.0096,0.316,0.0,,沪深300ETF,4.032,23.52,2025-09-24,19.39,0.0,0.0,0.0,0.0,0.0,0.0
10008813,300ETF购9月3618A,,,,,,,3.618,82.0,,,,10,-0.008,0.414,0.0,,沪深300ETF,4.032,23.52,2025-09-24,14.26,0.0,0.0,0.0,0.0,0.0,0.0
10008812,300ETF购9月3520A,,,,,,,3.52,82.0,,,,10,-0.0145,0.512,0.0,,沪深300ETF,4.032,23.52,2025-09-24,11.03,0.0,0.0,0.0,0.0,0.0,0.0
10008811,300ETF购9月3423A,,,,,,,3.423,82.0,,,,10,-0.0202,0.609,0.0,,沪深300ETF,4.032,23.52,2025-09-24,8.86,0.0,0.0,0.0,0.0,0.0,0.0
10008810,50ETF沽9月2800,,,,,,,2.8,82.0,,,,10,0.0716,0.0,0.0,,上证50ETF,2.836,20.46,2025-09-24,25.99,0.0,0.0,0.0,0.0,0.0,0.0
10008809,50ETF沽9月2750,,,,,,,2.75,82.0,,,,10,0.0531,0.0,0.0,,上证50ETF,2.836,20.46,2025-09-24,34.25,0.0,0.0,0.0,0.0,0.0,0.0
10008808,50ETF沽9月2700,,,,,,,2.7,82.0,,,,10,0.0378,0.0,0.0,,上证50ETF,2.836,20.46,2025-09-24,46.95,0.0,0.0,0.0,0.0,0.0,0.0
10008807,50ETF沽9月2650,,,,,,,2.65,82.0,,,,10,0.0259,0.0,0.0,,上证50ETF,2.836,20.46,2025-09-24,64.9,0.0,0.0,0.0,0.0,0.0,0.0
10008806,50ETF沽9月2600,,,,,,,2.6,82.0,,,,10,0.0189,0.0,0.0,,上证50ETF,2.836,20.46,2025-09-24,92.38,0.0,0.0,0.0,0.0,0.0,0.0
10008805,50ETF沽9月2550,,,,,,,2.55,82.0,,,,10,0.0138,0.0,0.0,,上证50ETF,2.836,20.46,2025-09-24,124.39,0.0,0.0,0.0,0.0,0.0,0.0
10008804,50ETF沽9月2500,,,,,,,2.5,82.0,,,,10,0.0096,0.0,0.0,,上证50ETF,2.836,20.46,2025-09-24,185.36,0.0,0.0,0.0,0.0,0.0,0.0
10008803,50ETF沽9月2450,,,,,,,2.45,82.0,,,,10,0.0072,0.0,0.0,,上证50ETF,2.836,20.46,2025-09-24,257.82,0.0,0.0,0.0,0.0,0.0,0.0
10008802,50ETF沽9月2400,,,,,,,2.4,82.0,,,,10,0.0059,0.0,0.0,,上证50ETF,2.836,20.46,2025-09-24,358.99,0.0,0.0,0.0,0.0,0.0,0.0
10008801,50ETF购9月2800,,,,,,,2.8,82.0,,,,10,0.0739,0.036,0.0,,上证50ETF,2.836,20.46,2025-09-24,44.87,0.0,0.0,0.0,0.0,0.0,0.0
10008800,50ETF购9月2750,,,,,,,2.75,82.0,,,,10,0.0528,0.086,0.0,,上证50ETF,2.836,20.46,2025-09-24,33.21,0.0,0.0,0.0,0.0,0.0,0.0
10008799,50ETF购9月2700,,,,,,,2.7,82.0,,,,10,0.0369,0.136,0.0,,上证50ETF,2.836,20.46,2025-09-24,25.08,0.0,0.0,0.0,0.0,0.0,0.0
10008798,50ETF购9月2650,,,,,,,2.65,82.0,,,,10,0.0263,0.186,0.0,,上证50ETF,2.836,20.46,2025-09-24,19.45,0.0,0.0,0.0,0.0,0.0,0.0
10008797,50ETF购9月2600,,,,,,,2.6,82.0,,,,10,0.0167,0.236,0.0,,上证50ETF,2.836,20.46,2025-09-24,15.46,0.0,0.0,0.0,0.0,0.0,0.0
10008796,50ETF购9月2550,,,,,,,2.55,82.0,,,,10,0.0128,0.286,0.0,,上证50ETF,2.836,20.46,2025-09-24,12.71,0.0,0.0,0.0,0.0,0.0,0.0
10008795,50ETF购9月2500,,,,,,,2.5,82.0,,,,10,0.01,0.336,0.0,,上证50ETF,2.836,20.46,2025-09-24,10.63,0.0,0.0,0.0,0.0,0.0,0.0
10008794,50ETF购9月2450,,,,,,,2.45,82.0,,,,10,0.0047,0.386,0.0,,上证50ETF,2.836,20.46,2025-09-24,9.09,0.0,0.0,0.0,0.0,0.0,0.0
10008793,50ETF购9月2400,,,,,,,2.4,82.0,,,,10,0.0007,0.436,0.0,,上证50ETF,2.836,20.46,2025-09-24,7.9,0.0,0.0,0.0,0.0,0.0,0.0
