日期,开盘,最高,最低,收盘,成交量,期权合约简称,成交量,Delta,Gamma,Theta,Vega,隐含波动率,最高价,最低价,交易代码,行权价,最新价,理论价值
2025-03-28,0.1608,0.1713,0.1504,0.1694,1583306,创业板ETF沽4月2250,2815,-1,NAN,0.0897,0,0,0.1713,0.1504,159915P2504M002250,2.2500,0.1694,2.2436
2025-03-28,0.9074,0.9098,0.8547,0.874,395089,500ETF购4月5000,123,0.9996,0.0048,-0.2024,0.0023,0.0007,0.9098,0.8547,510500C2504M05000,5.0000,0.8740,0.9233
2025-03-28,0.4238,0.439,0.3651,0.3823,67462339,500ETF购4月5500,7004,0.9314,0.4383,-0.4829,0.2086,0.0007,0.4390,0.3651,510500C2504M05500,5.5000,0.3823,0.434
2025-03-28,0.0074,0.0081,0.0059,0.0064,24377233,500ETF购4月6500,16613,0.0371,0.2686,-0.1802,0.1278,0.2053,0.0081,0.0059,510500C2504M06500,6.5000,0.0064,0.0044
2025-03-28,0.0025,0.0025,0.002,0.0022,155734,500ETF购4月7000,2564,0.0006,0.007,-0.0046,0.0033,0.2808,0.0025,0.0020,510500C2504M07000,7.0000,0.0022,0
2025-03-28,0.0112,0.0161,0.0101,0.0143,372659433,500ETF沽4月5500,66272,-0.0686,0.4383,-0.2635,0.2086,0.2128,0.0161,0.0101,510500P2504M05500,5.5000,0.0143,0.0093
2025-03-28,0.1617,0.2071,0.1503,0.1955,2065275784,500ETF沽4月6000,147169,-0.5863,1.2911,-0.6801,0.6144,0.2461,0.2071,0.1503,510500P2504M06000,6.0000,0.1955,0.1617
2025-03-28,0.3565,0.416,0.3413,0.397,211768807,500ETF沽4月6250,15274,-0.8455,0.788,-0.2899,0.375,0.3004,0.4160,0.3413,510500P2504M06250,6.2500,0.3970,0.347
2025-03-28,0.845,0.8975,0.84,0.8763,55735,500ETF沽4月6750,20,-0.9942,0.0546,0.233,0.026,0.4526,0.8975,0.8400,510500P2504M06750,6.7500,0.8763,0.8223
2025-03-28,1.1285,1.1285,1.1235,1.1235,307,500ETF沽4月7000,6,-0.9994,0.007,0.2746,0.0033,0.5275,1.1285,1.1235,510500P2504M07000,7.0000,1.1235,1.0711
2025-03-28,0.2211,0.2211,0.1903,0.1992,24700,中证500ETF购4月2150,180,0,NAN,0,0,0,0.2211,0.1903,159922C2504M002150,2.1500,0.1992,0
2025-03-28,0.1722,0.173,0.1459,0.152,34166,中证500ETF购4月2200,415,0,NAN,0,0,0,0.1730,0.1459,159922C2504M002200,2.2000,0.1520,0
2025-03-28,0.0851,0.0864,0.0663,0.0708,3870758,中证500ETF购4月2300,4625,0,NAN,0,0,0,0.0864,0.0663,159922C2504M002300,2.3000,0.0708,0
2025-03-28,0.0162,0.0173,0.0115,0.0128,5009078,中证500ETF购4月2450,7347,0,NAN,0,0,0,0.0173,0.0115,159922C2504M002450,2.4500,0.0128,0
2025-03-28,0.008,0.0091,0.0061,0.0064,855618,中证500ETF购4月2500,3383,0,NAN,0,0,0,0.0091,0.0061,159922C2504M002500,2.5000,0.0064,0
2025-03-28,0.0047,0.0047,0.0034,0.0035,95138,中证500ETF购4月2550,1093,0,NAN,0,0,0,0.0047,0.0034,159922C2504M002550,2.5500,0.0035,0
2025-03-28,0.0027,0.0028,0.0022,0.0023,47532,中证500ETF购4月2600,752,0,NAN,0,0,0,0.0028,0.0022,159922C2504M002600,2.6000,0.0023,0
2025-03-28,0.0106,0.0147,0.0098,0.0128,8540078,中证500ETF沽4月2250,10215,-1,NAN,0.0897,0,0,0.0147,0.0098,159922P2504M002250,2.2500,0.0128,2.2436
2025-03-28,0.0211,0.0286,0.0195,0.0264,14143791,中证500ETF沽4月2300,13782,-1,NAN,0.0917,0,0,0.0286,0.0195,159922P2504M002300,2.3000,0.0264,2.2935
2025-03-28,0.0394,0.0517,0.0331,0.048,42164654,中证500ETF沽4月2350,18380,-1,NAN,0.0937,0,0,0.0517,0.0331,159922P2504M002350,2.3500,0.0480,2.3433
2025-03-28,0.0675,0.084,0.0631,0.079,14631112,中证500ETF沽4月2400,10306,-1,NAN,0.0957,0,0,0.0840,0.0631,159922P2504M002400,2.4000,0.0790,2.3932
2025-03-28,0.1913,0.2098,0.1912,0.2066,5410,中证500ETF沽4月2550,154,-1,NAN,0.1017,0,0,0.2098,0.1912,159922P2504M002550,2.5500,0.2066,2.5427
2025-03-28,0.2442,0.2625,0.2419,0.2548,910,中证500ETF沽4月2600,63,-1,NAN,0.1037,0,0,0.2625,0.2419,159922P2504M002600,2.6000,0.2548,2.5926
2025-03-28,0.2931,0.3058,0.2931,0.3048,808,中证500ETF沽4月2650,56,-1,NAN,0.1057,0,0,0.3058,0.2931,159922P2504M002650,2.6500,0.3048,2.6425
2025-03-28,0.1709,0.1709,0.1542,0.162,788389,50ETF购5月2600,257,0.8553,1.4677,-0.1926,0.2548,0.1163,0.1709,0.1542,510050C2505M02600,2.6000,0.1620,0.1671
2025-03-28,0.1285,0.1285,0.1161,0.122,4138619,50ETF购5月2650,890,0.7652,1.9807,-0.2212,0.3438,0.1218,0.1285,0.1161,510050C2505M02650,2.6500,0.1220,0.1276
2025-03-28,0.0945,0.0945,0.0831,0.0884,26015689,50ETF购5月2700,4091,0.6529,2.3812,-0.2391,0.4133,0.1267,0.0945,0.0831,510050C2505M02700,2.7000,0.0884,0.0932
2025-03-28,0.0299,0.0309,0.0263,0.0282,17782069,50ETF购5月2850,3819,0.2872,2.1973,-0.1885,0.3814,0.1416,0.0309,0.0263,510050C2505M02850,2.8500,0.0282,0.027
2025-03-28,0.02,0.0206,0.0163,0.0194,10924545,50ETF购5月2900,2626,0.1925,1.7642,-0.1474,0.3062,0.1492,0.0206,0.0163,510050C2505M02900,2.9000,0.0194,0.0161
2025-03-28,0.0053,0.0085,0.0053,0.0073,483390,50ETF沽5月2550,2128,-0.0804,0.9624,-0.0602,0.1671,0.1471,0.0085,0.0053,510050P2505M02550,2.5500,0.0073,0.0058
2025-03-28,0.0208,0.0264,0.02,0.0239,16392177,50ETF沽5月2650,4574,-0.2348,1.9807,-0.1159,0.3438,0.1443,0.0264,0.0200,510050P2505M02650,2.6500,0.0239,0.0219
2025-03-28,0.0587,0.0683,0.0567,0.0636,32155053,50ETF沽5月2750,5942,-0.4724,2.5664,-0.1306,0.4455,0.1496,0.0683,0.0567,510050P2505M02750,2.7500,0.0636,0.0587
2025-03-28,0.1209,0.1358,0.1209,0.1293,2924736,50ETF沽5月2850,546,-0.7128,2.1973,-0.0752,0.3814,0.1622,0.1358,0.1209,510050P2505M02850,2.8500,0.1293,0.12
2025-03-28,0.2061,0.2199,0.2061,0.2127,151515,50ETF沽5月2950,93,-0.8791,1.297,0.011,0.2251,0.181,0.2199,0.2061,510050P2505M02950,2.9500,0.2127,0.2014
2025-03-28,0.1646,0.1696,0.155,0.162,2210,沪深300ETF购5月4000,78,0,NAN,0,0,0,0.1696,0.1550,159919C2505M004000,4.0000,0.1620,0
2025-03-28,0.1095,0.1095,0.0961,0.1027,37122,沪深300ETF购5月4100,377,0,NAN,0,0,0,0.1095,0.0961,159919C2505M004100,4.1000,0.1027,0
2025-03-28,0.0674,0.0674,0.057,0.0617,3998,沪深300ETF购5月4200,102,0,NAN,0,0,0,0.0674,0.0570,159919C2505M004200,4.2000,0.0617,0
2025-03-28,0.0392,0.0392,0.0333,0.0363,149104,沪深300ETF购5月4300,748,0,NAN,0,0,0,0.0392,0.0333,159919C2505M004300,4.3000,0.0363,0
2025-03-28,0.0226,0.0226,0.0196,0.0215,15536,沪深300ETF购5月4400,395,0,NAN,0,0,0,0.0226,0.0196,159919C2505M004400,4.4000,0.0215,0
2025-03-28,0.0189,0.0235,0.0188,0.0227,119086,沪深300ETF沽5月3900,762,-1,NAN,0.155,0,0,0.0235,0.0188,159919P2505M003900,3.9000,0.0227,3.874
2025-03-28,0.0769,0.0894,0.0769,0.0876,10710,沪深300ETF沽5月4100,272,-1,NAN,0.1629,0,0,0.0894,0.0769,159919P2505M004100,4.1000,0.0876,4.0727
2025-03-28,0.1327,0.1502,0.1317,0.1397,2656,沪深300ETF沽5月4200,63,-1,NAN,0.1669,0,0,0.1502,0.1317,159919P2505M004200,4.2000,0.1397,4.172
2025-03-28,0.2089,0.2243,0.2085,0.2163,996,沪深300ETF沽5月4300,37,-1,NAN,0.1709,0,0,0.2243,0.2085,159919P2505M004300,4.3000,0.2163,4.2714
2025-03-28,0.2932,0.2932,0.2931,0.2932,280,沪深300ETF沽5月4400,28,-1,NAN,0.1748,0,0,0.2932,0.2931,159919P2505M004400,4.4000,0.2932,4.3707
2025-03-28,0.3892,0.3892,0.3892,0.3892,100,沪深300ETF沽5月4500,10,-1,NAN,0.1788,0,0,0.3892,0.3892,159919P2505M004500,4.5000,0.3892,4.47
2025-03-28,0.42,0.42,0.41,0.4161,8980,300ETF购5月3600,5,0.9751,0.2462,-0.1802,0.0954,0.0008,0.4200,0.4100,510300C2505M03600,3.6000,0.4161,0.4343
2025-03-28,0.2468,0.2473,0.2271,0.2362,631104,300ETF购5月3800,83,0.8521,0.9762,-0.29,0.3784,0.0886,0.2473,0.2271,510300C2505M03800,3.8000,0.2362,0.2519
2025-03-28,0.1712,0.1712,0.1519,0.1599,5725390,300ETF购5月3900,901,0.7276,1.4039,-0.3447,0.5442,0.116,0.1712,0.1519,510300C2505M03900,3.9000,0.1599,0.1748
2025-03-28,0.065,0.065,0.0542,0.059,31877935,300ETF购5月4100,7448,0.4045,1.6379,-0.3364,0.6348,0.1329,0.0650,0.0542,510300C2505M04100,4.1000,0.0590,0.0663
2025-03-28,0.0362,0.0365,0.0305,0.0335,39786708,300ETF购5月4200,6392,0.2578,1.3653,-0.2685,0.5292,0.1402,0.0365,0.0305,510300C2505M04200,4.2000,0.0335,0.0357
2025-03-28,0.0203,0.0209,0.0175,0.0196,15695744,300ETF购5月4300,3718,0.1472,0.9731,-0.1858,0.3772,0.1499,0.0209,0.0175,510300C2505M04300,4.3000,0.0196,0.0175
2025-03-28,0.012,0.013,0.0103,0.0118,3936877,300ETF购5月4400,3985,0.0752,0.5995,-0.1121,0.2324,0.1599,0.0130,0.0103,510300C2505M04400,4.4000,0.0118,0.0078
2025-03-28,0.038,0.046,0.0373,0.0453,34372422,300ETF沽5月3900,5276,-0.2724,1.4039,-0.1897,0.5442,0.1526,0.0460,0.0373,510300P2505M03900,3.9000,0.0453,0.0408
2025-03-28,0.0769,0.0882,0.0741,0.0843,34414923,300ETF沽5月4000,5135,-0.4299,1.6603,-0.206,0.6435,0.1547,0.0882,0.0741,510300P2505M04000,4.0000,0.0843,0.0776
2025-03-28,0.1323,0.1492,0.1304,0.1429,13956411,300ETF沽5月4100,2557,-0.5955,1.6379,-0.1735,0.6348,0.1631,0.1492,0.1304,510300P2505M04100,4.1000,0.1429,0.1309
2025-03-28,0.2051,0.221,0.2031,0.2143,1805532,300ETF沽5月4200,293,-0.7422,1.3653,-0.1016,0.5292,0.171,0.2210,0.2031,510300P2505M04200,4.2000,0.2143,0.1997
2025-03-28,0.39,0.4,0.3864,0.3955,77270,300ETF沽5月4400,38,-0.9248,0.5995,0.0627,0.2324,0.2182,0.4000,0.3864,510300P2505M04400,4.4000,0.3955,0.3705
2025-03-28,0.158,0.158,0.158,0.158,10,深证100ETF购5月2650,1,0,NAN,0,0,0,0.1580,0.1580,159901C2505M002650,2.6500,0.1580,0
2025-03-28,0.1205,0.126,0.1205,0.126,288,深证100ETF购5月2700,24,0,NAN,0,0,0,0.1260,0.1205,159901C2505M002700,2.7000,0.1260,0
2025-03-28,0.0956,0.0956,0.0948,0.0948,34,深证100ETF购5月2750,3,0,NAN,0,0,0,0.0956,0.0948,159901C2505M002750,2.7500,0.0948,0
2025-03-28,0.0712,0.0712,0.0668,0.0677,890,深证100ETF购5月2800,76,0,NAN,0,0,0,0.0712,0.0668,159901C2505M002800,2.8000,0.0677,0
2025-03-28,0.0512,0.0512,0.0484,0.0486,1712,深证100ETF购5月2850,111,0,NAN,0,0,0,0.0512,0.0484,159901C2505M002850,2.8500,0.0486,0
2025-03-28,0.036,0.036,0.032,0.0346,1814,深证100ETF购5月2900,110,0,NAN,0,0,0,0.0360,0.0320,159901C2505M002900,2.9000,0.0346,0
2025-03-28,0.025,0.026,0.0232,0.0249,4408,深证100ETF购5月2950,160,0,NAN,0,0,0,0.0260,0.0232,159901C2505M002950,2.9500,0.0249,0
2025-03-28,0.0174,0.0174,0.0156,0.0166,1166,深证100ETF购5月3000,58,0,NAN,0,0,0,0.0174,0.0156,159901C2505M003000,3.0000,0.0166,0
2025-03-28,0.0085,0.0105,0.0085,0.0105,960,深证100ETF沽5月2550,42,-1,NAN,0.1013,0,0,0.0105,0.0085,159901P2505M002550,2.5500,0.0105,2.533
2025-03-28,0.015,0.0188,0.015,0.0188,32462,深证100ETF沽5月2600,599,-1,NAN,0.1033,0,0,0.0188,0.0150,159901P2505M002600,2.6000,0.0188,2.5827
2025-03-28,0.0254,0.0307,0.0254,0.0307,16698,深证100ETF沽5月2650,348,-1,NAN,0.1053,0,0,0.0307,0.0254,159901P2505M002650,2.6500,0.0307,2.6323
2025-03-28,0.0401,0.046,0.04,0.046,1462,深证100ETF沽5月2700,76,-1,NAN,0.1073,0,0,0.0460,0.0400,159901P2505M002700,2.7000,0.0460,2.682
2025-03-28,0.0601,0.0668,0.0589,0.066,12064,深证100ETF沽5月2750,330,-1,NAN,0.1093,0,0,0.0668,0.0589,159901P2505M002750,2.7500,0.0660,2.7317
2025-03-28,0.085,0.0945,0.084,0.0945,1240,深证100ETF沽5月2800,74,-1,NAN,0.1113,0,0,0.0945,0.0840,159901P2505M002800,2.8000,0.0945,2.7813
2025-03-28,0.1516,0.158,0.1508,0.158,310,深证100ETF沽5月2900,23,-1,NAN,0.1152,0,0,0.1580,0.1508,159901P2505M002900,2.9000,0.1580,2.8807
2025-03-28,0.2099,0.2099,0.2099,0.2099,2405,科创板50购5月850,1,0.9744,0.4797,-0.0548,0.0257,0.0008,0.2099,0.2099,588080C2505M00850,0.8500,0.2099,0.2119
2025-03-28,0.1596,0.1596,0.1596,0.1596,2448,科创板50购5月900,1,0.9285,1.0984,-0.0833,0.0589,0.0008,0.1596,0.1596,588080C2505M00900,0.9000,0.1596,0.1651
2025-03-28,0.0292,0.0293,0.0246,0.0252,200416,科创板50购5月1100,324,0.4056,3.1198,-0.1599,0.1672,0.2361,0.0293,0.0246,588080C2505M01100,1.1000,0.0252,0.0338
2025-03-28,0.0107,0.0107,0.0088,0.0094,140852,科创板50购5月1200,1021,0.1641,1.9907,-0.0985,0.1067,0.28,0.0107,0.0088,588080C2505M01200,1.2000,0.0094,0.0103
2025-03-28,0.0066,0.0066,0.0056,0.0058,3918,科创板50购5月1250,76,0.0927,1.336,-0.0654,0.0716,0.2973,0.0066,0.0056,588080C2505M01250,1.2500,0.0058,0.0051
2025-03-28,0.0009,0.0009,0.0005,0.0005,466,科创板50沽5月850,43,-0.0256,0.4797,-0.021,0.0257,0.2495,0.0009,0.0005,588080P2505M00850,0.8500,0.0005,0.0013
2025-03-28,0.007,0.0074,0.0062,0.0072,17232,科创板50沽5月950,229,-0.1573,1.9361,-0.0824,0.1038,0.2508,0.0074,0.0062,588080P2505M00950,0.9500,0.0072,0.0108
2025-03-28,0.019,0.0204,0.0173,0.0196,765256,科创板50沽5月1000,799,-0.2843,2.7285,-0.1131,0.1462,0.2618,0.0204,0.0173,588080P2505M01000,1.0000,0.0196,0.0234
2025-03-28,0.041,0.0431,0.0382,0.043,340966,科创板50沽5月1050,497,-0.438,3.1713,-0.1263,0.17,0.2852,0.0431,0.0382,588080P2505M01050,1.0500,0.0430,0.0435
2025-03-28,0.111,0.1157,0.111,0.114,8998,科创板50沽5月1150,23,-0.7311,2.6549,-0.0876,0.1423,0.3385,0.1157,0.1110,588080P2505M01150,1.1500,0.1140,0.1066
2025-03-28,0.1397,0.1405,0.1304,0.1307,130484,科创50购5月950,70,0.8871,1.503,-0.1056,0.0847,0.0008,0.1405,0.1304,588000C2505M00950,0.9500,0.1307,0.1447
2025-03-28,0.0624,0.0646,0.0544,0.0575,7143859,科创50购5月1050,3488,0.6415,2.931,-0.1673,0.1651,0.2038,0.0646,0.0544,588000C2505M01050,1.0500,0.0575,0.0712
2025-03-28,0.0229,0.0247,0.0201,0.0213,2254776,科创50购5月1150,2180,0.3412,2.8787,-0.1536,0.1621,0.2514,0.0247,0.0201,588000C2505M01150,1.1500,0.0213,0.0272
2025-03-28,0.0101,0.0123,0.0092,0.0122,2216806,科创50沽5月1000,5764,-0.2188,2.3158,-0.1024,0.1304,0.2508,0.0123,0.0092,588000P2505M01000,1.0000,0.0122,0.0169
2025-03-28,0.0267,0.03,0.0243,0.0287,12943119,科创50沽5月1050,8553,-0.3585,2.931,-0.1256,0.1651,0.261,0.0300,0.0243,588000P2505M01050,1.0500,0.0287,0.0332
2025-03-28,0.0532,0.0586,0.0498,0.0569,8115604,科创50沽5月1100,4652,-0.5128,3.1283,-0.1276,0.1762,0.287,0.0586,0.0498,588000P2505M01100,1.1000,0.0569,0.0571
2025-03-28,0.085,0.0944,0.0844,0.0929,976407,科创50沽5月1150,610,-0.6588,2.8787,-0.1079,0.1621,0.315,0.0944,0.0844,588000P2505M01150,1.1500,0.0929,0.0885
2025-03-28,0.1273,0.1364,0.1273,0.1349,363136,科创50沽5月1200,172,-0.7794,2.3268,-0.0743,0.1311,0.3503,0.1364,0.1273,588000P2505M01200,1.2000,0.1349,0.1263
2025-03-28,0.215,0.2279,0.215,0.2279,809,科创50沽5月1300,3,-0.9263,1.0956,-0.0046,0.0617,0.4357,0.2279,0.2150,588000P2505M01300,1.3000,0.2279,0.2143
2025-03-28,0.206,0.2081,0.1917,0.1942,594,创业板ETF购5月1900,24,0,NAN,0,0,0,0.2081,0.1917,159915C2505M001900,1.9000,0.1942,0
2025-03-28,0.1688,0.1688,0.1556,0.1557,1000,创业板ETF购5月1950,40,0,NAN,0,0,0,0.1688,0.1556,159915C2505M001950,1.9500,0.1557,0
2025-03-28,0.0981,0.0981,0.086,0.0872,407174,创业板ETF购5月2050,1292,0,NAN,0,0,0,0.0981,0.0860,159915C2505M002050,2.0500,0.0872,0
2025-03-28,0.0499,0.0519,0.0447,0.0452,201798,创业板ETF购5月2150,794,0,NAN,0,0,0,0.0519,0.0447,159915C2505M002150,2.1500,0.0452,0
2025-03-28,0.0355,0.0373,0.0314,0.032,551878,创业板ETF购5月2200,1263,0,NAN,0,0,0,0.0373,0.0314,159915C2505M002200,2.2000,0.0320,0
2025-03-28,0.0086,0.0103,0.0079,0.0097,845916,创业板ETF沽5月1900,2386,-1,NAN,0.0755,0,0,0.0103,0.0079,159915P2505M001900,1.9000,0.0097,1.8873
2025-03-28,0.0293,0.0337,0.0273,0.0323,514094,创业板ETF沽5月2000,1833,-1,NAN,0.0795,0,0,0.0337,0.0273,159915P2505M002000,2.0000,0.0323,1.9867
2025-03-28,0.048,0.054,0.0442,0.0519,403060,创业板ETF沽5月2050,1378,-1,NAN,0.0815,0,0,0.0540,0.0442,159915P2505M002050,2.0500,0.0519,2.0363
2025-03-28,0.0676,0.0804,0.0676,0.0773,1070724,创业板ETF沽5月2100,2005,-1,NAN,0.0834,0,0,0.0804,0.0676,159915P2505M002100,2.1000,0.0773,2.086
2025-03-28,0.0994,0.1123,0.099,0.1089,475084,创业板ETF沽5月2150,1464,-1,NAN,0.0854,0,0,0.1123,0.0990,159915P2505M002150,2.1500,0.1089,2.1357
2025-03-28,0.1368,0.1477,0.135,0.1463,35330,创业板ETF沽5月2200,474,-1,NAN,0.0874,0,0,0.1477,0.1350,159915P2505M002200,2.2000,0.1463,2.1853
2025-03-28,0.2158,0.2322,0.2151,0.2285,4270,创业板ETF沽5月2300,123,-1,NAN,0.0914,0,0,0.2322,0.2151,159915P2505M002300,2.3000,0.2285,2.2847
2025-03-28,0.9045,0.9045,0.835,0.835,20426,500ETF购5月5000,7,0.9881,0.0671,-0.2387,0.0749,0.0007,0.9045,0.8350,510500C2505M05000,5.0000,0.8350,0.9443
2025-03-28,0.6569,0.6569,0.635,0.635,14839,500ETF购5月5250,3,0.9491,0.2263,-0.3408,0.2526,0.0007,0.6569,0.6350,510500C2505M05250,5.2500,0.6350,0.7041
2025-03-28,0.4268,0.4301,0.3731,0.39,1367103,500ETF购5月5500,445,0.8512,0.5018,-0.5026,0.5602,0.0007,0.4301,0.3731,510500C2505M05500,5.5000,0.3900,0.4825
2025-03-28,0.2413,0.2515,0.203,0.2126,29460458,500ETF购5月5750,3831,0.682,0.7717,-0.6425,0.8616,0.081,0.2515,0.2030,510500C2505M05750,5.7500,0.2126,0.2967
2025-03-28,0.0249,0.0262,0.02,0.0218,11994796,500ETF购5月6500,2042,0.1369,0.4744,-0.3343,0.5296,0.1727,0.0262,0.0200,510500C2505M06500,6.5000,0.0218,0.031
2025-03-28,0.013,0.013,0.0102,0.0108,638444,500ETF购5月6750,1622,0.0574,0.2491,-0.1723,0.2781,0.1905,0.0130,0.0102,510500C2505M06750,6.7500,0.0108,0.011
2025-03-28,0.0406,0.0552,0.0405,0.0498,23360814,500ETF沽5月5500,4246,-0.1488,0.5018,-0.284,0.5602,0.2133,0.0552,0.0405,510500P2505M05500,5.5000,0.0498,0.0368
2025-03-28,0.107,0.1359,0.1023,0.1268,66603267,500ETF沽5月5750,7661,-0.318,0.7717,-0.4141,0.8616,0.2227,0.1359,0.1023,510500P2505M05750,5.7500,0.1268,0.0994
2025-03-28,0.2329,0.2784,0.225,0.2657,39960530,500ETF沽5月6000,5196,-0.5282,0.861,-0.4169,0.9613,0.2474,0.2784,0.2250,510500P2505M06000,6.0000,0.2657,0.2118
2025-03-28,0.4137,0.4725,0.41,0.452,2534750,500ETF沽5月6250,850,-0.7233,0.7241,-0.2768,0.8085,0.2805,0.4725,0.4100,510500P2505M06250,6.2500,0.4520,0.3752
2025-03-28,0.6279,0.695,0.6279,0.6658,222070,500ETF沽5月6500,60,-0.8631,0.4744,-0.076,0.5296,0.3179,0.6950,0.6279,510500P2505M06500,6.5000,0.6658,0.5787
2025-03-28,0.8679,0.8679,0.8679,0.8679,3287,500ETF沽5月6750,1,-0.9426,0.2491,0.0959,0.2781,0.3182,0.8679,0.8679,510500P2505M06750,6.7500,0.8679,0.807
2025-03-28,1.102,1.1629,1.102,1.1629,4955,500ETF沽5月7000,6,-0.9794,0.1074,0.2048,0.1199,0.4458,1.1629,1.1020,510500P2505M07000,7.0000,1.1629,1.0478
2025-03-28,0.2182,0.2182,0.1971,0.1971,26,中证500ETF购5月2150,3,0,NAN,0,0,0,0.2182,0.1971,159922C2505M002150,2.1500,0.1971,0
2025-03-28,0.1722,0.1724,0.149,0.1541,19038,中证500ETF购5月2200,351,0,NAN,0,0,0,0.1724,0.1490,159922C2505M002200,2.2000,0.1541,0
2025-03-28,0.0979,0.0986,0.0817,0.0856,2746,中证500ETF购5月2300,94,0,NAN,0,0,0,0.0986,0.0817,159922C2505M002300,2.3000,0.0856,0
2025-03-28,0.0677,0.0698,0.0569,0.0598,15090,中证500ETF购5月2350,202,0,NAN,0,0,0,0.0698,0.0569,159922C2505M002350,2.3500,0.0598,0
2025-03-28,0.0484,0.0484,0.0395,0.0408,33152,中证500ETF购5月2400,453,0,NAN,0,0,0,0.0484,0.0395,159922C2505M002400,2.4000,0.0408,0
2025-03-28,0.0339,0.0339,0.0262,0.0285,33946,中证500ETF购5月2450,471,0,NAN,0,0,0,0.0339,0.0262,159922C2505M002450,2.4500,0.0285,0
2025-03-28,0.0217,0.0217,0.018,0.0184,25726,中证500ETF购5月2500,354,0,NAN,0,0,0,0.0217,0.0180,159922C2505M002500,2.5000,0.0184,0
2025-03-28,0.0151,0.0151,0.0121,0.0126,3536,中证500ETF购5月2550,164,0,NAN,0,0,0,0.0151,0.0121,159922C2505M002550,2.5500,0.0126,0
2025-03-28,0.0102,0.0102,0.0081,0.0081,504,中证500ETF购5月2600,51,0,NAN,0,0,0,0.0102,0.0081,159922C2505M002600,2.6000,0.0081,0
2025-03-28,0.0284,0.0358,0.0279,0.0335,14368,中证500ETF沽5月2250,224,-1,NAN,0.0894,0,0,0.0358,0.0279,159922P2505M002250,2.2500,0.0335,2.235
2025-03-28,0.0937,0.112,0.0937,0.1058,5040,中证500ETF沽5月2400,135,-1,NAN,0.0954,0,0,0.1120,0.0937,159922P2505M002400,2.4000,0.1058,2.384
2025-03-28,0.13,0.1486,0.1299,0.1399,6820,中证500ETF沽5月2450,168,-1,NAN,0.0973,0,0,0.1486,0.1299,159922P2505M002450,2.4500,0.1399,2.4337
2025-03-28,0.3622,0.3623,0.3481,0.3585,72558,50ETF购6月2400,57,0.9823,0.2335,-0.1099,0.0591,0.0008,0.3623,0.3481,510050C2506M02400,2.4000,0.3585,0.3625
2025-03-28,0.3159,0.3159,0.3,0.3103,18762,50ETF购6月2450,21,0.9642,0.4205,-0.1233,0.1065,0.0008,0.3159,0.3000,510050C2506M02450,2.4500,0.3103,0.3145
2025-03-28,0.2284,0.2284,0.218,0.2231,9422,50ETF购6月2548A,5,0.8903,1.002,-0.1606,0.2538,0.131,0.2284,0.2180,510050C2506A02600,2.5480,0.2231,0.2249
2025-03-28,0.2262,0.2263,0.2141,0.2216,38678,50ETF购6月2550,22,0.8881,1.0162,-0.1615,0.2574,0.132,0.2263,0.2141,510050C2506M02550,2.5500,0.2216,0.2232
2025-03-28,0.145,0.15,0.1388,0.144,264182,50ETF购6月2646A,107,0.7506,1.6943,-0.1983,0.4291,0.1326,0.1500,0.1388,510050C2506A02700,2.6460,0.1440,0.1465
2025-03-28,0.1196,0.1196,0.1088,0.114,1298482,50ETF购6月2695A,241,0.6584,1.9595,-0.2086,0.4963,0.1396,0.1196,0.1088,510050C2506A02750,2.6950,0.1140,0.1134
2025-03-28,0.0913,0.0913,0.083,0.0872,3857345,50ETF购6月2744A,715,0.5576,2.1075,-0.2093,0.5338,0.1423,0.0913,0.0830,510050C2506A02800,2.7440,0.0872,0.0852
2025-03-28,0.0537,0.0537,0.0476,0.0507,1882479,50ETF购6月2842A,454,0.3564,1.9902,-0.1805,0.504,0.1525,0.0537,0.0476,510050C2506A02900,2.8420,0.0507,0.0436
2025-03-28,0.0388,0.0394,0.0364,0.0379,1719597,50ETF购6月2891A,698,0.2683,1.7595,-0.1548,0.4456,0.1566,0.0394,0.0364,510050C2506A02950,2.8910,0.0379,0.0296
2025-03-28,0.0307,0.0307,0.0274,0.0289,3701504,50ETF购6月2940A,2610,0.1939,1.4667,-0.126,0.3715,0.1625,0.0307,0.0274,510050C2506A03000,2.9400,0.0289,0.0195
2025-03-28,0.0284,0.0291,0.0257,0.0272,21826070,50ETF购6月2950,11773,0.1805,1.4035,-0.12,0.3554,0.1633,0.0291,0.0257,510050C2506M02950,2.9500,0.0272,0.0178
2025-03-28,0.0039,0.0043,0.0037,0.0042,726337,50ETF沽6月2400,3004,-0.0177,0.2335,-0.0148,0.0591,0.1713,0.0043,0.0037,510050P2506M02400,2.4000,0.0042,0.0012
2025-03-28,0.0061,0.0068,0.0061,0.0066,1106981,50ETF沽6月2450,3825,-0.0358,0.4205,-0.0262,0.1065,0.1663,0.0068,0.0061,510050P2506M02450,2.4500,0.0066,0.0027
2025-03-28,0.009,0.0105,0.0088,0.01,4168731,50ETF沽6月2499A,7971,-0.0653,0.6792,-0.0415,0.172,0.161,0.0105,0.0088,510050P2506A02550,2.4990,0.0100,0.0055
2025-03-28,0.0146,0.017,0.0142,0.0156,7140350,50ETF沽6月2548A,9543,-0.1097,1.002,-0.0597,0.2538,0.158,0.0170,0.0142,510050P2506A02600,2.5480,0.0156,0.0102
2025-03-28,0.0511,0.0583,0.0508,0.0545,1873605,50ETF沽6月2695A,408,-0.3416,1.9595,-0.1018,0.4963,0.1589,0.0583,0.0508,510050P2506A02750,2.6950,0.0545,0.0443
2025-03-28,0.0726,0.0817,0.0723,0.0764,3385519,50ETF沽6月2744A,651,-0.4424,2.1075,-0.1006,0.5338,0.1607,0.0817,0.0723,510050P2506A02800,2.7440,0.0764,0.0646
2025-03-28,0.1754,0.1879,0.1754,0.1809,208839,50ETF沽6月2900,89,-0.7465,1.709,-0.0348,0.4328,0.1812,0.1879,0.1754,510050P2506M02900,2.9000,0.1809,0.1614
2025-03-28,0.2165,0.2287,0.2165,0.2287,137832,50ETF沽6月2950,52,-0.8195,1.4035,-0.0032,0.3554,0.2054,0.2287,0.2165,510050P2506M02950,2.9500,0.2287,0.2012
2025-03-28,0.2589,0.2728,0.2589,0.2642,179915,50ETF沽6月3000,112,-0.8768,1.0881,0.0275,0.2756,0.1976,0.2728,0.2589,510050P2506M03000,3.0000,0.2642,0.244
2025-03-28,0.4337,0.4337,0.4337,0.4337,50,沪深300ETF购6月3700,5,0,NAN,0,0,0,0.4337,0.4337,159919C2506M003700,3.7000,0.4337,0
2025-03-28,0.1952,0.1952,0.1864,0.1915,314,沪深300ETF购6月4000,32,0,NAN,0,0,0,0.1952,0.1864,159919C2506M004000,4.0000,0.1915,0
2025-03-28,0.1408,0.1408,0.1281,0.1345,18004,沪深300ETF购6月4100,340,0,NAN,0,0,0,0.1408,0.1281,159919C2506M004100,4.1000,0.1345,0
2025-03-28,0.0222,0.0223,0.0203,0.0221,26090,沪深300ETF购6月4600,367,0,NAN,0,0,0,0.0223,0.0203,159919C2506M004600,4.6000,0.0221,0
2025-03-28,0.0128,0.0136,0.0123,0.0125,17558,沪深300ETF购6月4800,366,0,NAN,0,0,0,0.0136,0.0123,159919C2506M004800,4.8000,0.0125,0
2025-03-28,0.0039,0.004,0.0036,0.0036,1602,沪深300ETF沽6月3500,110,-1,NAN,0.1386,0,0,0.0040,0.0036,159919P2506M003500,3.5000,0.0036,3.466
2025-03-28,0.0122,0.0135,0.0116,0.0124,6516,沪深300ETF沽6月3700,215,-1,NAN,0.1466,0,0,0.0135,0.0116,159919P2506M003700,3.7000,0.0124,3.6641
2025-03-28,0.1047,0.1166,0.1047,0.1113,16844,沪深300ETF沽6月4100,198,-1,NAN,0.1624,0,0,0.1166,0.1047,159919P2506M004100,4.1000,0.1113,4.0602
2025-03-28,0.3152,0.32,0.31,0.31,274,沪深300ETF沽6月4400,32,-1,NAN,0.1743,0,0,0.3200,0.3100,159919P2506M004400,4.4000,0.3100,4.3573
2025-03-28,0.4019,0.4107,0.4019,0.4107,110,沪深300ETF沽6月4500,10,-1,NAN,0.1783,0,0,0.4107,0.4019,159919P2506M004500,4.5000,0.4107,4.4563
2025-03-28,0.589,0.589,0.589,0.589,80,沪深300ETF沽6月4700,8,-1,NAN,0.1862,0,0,0.5890,0.5890,159919P2506M004700,4.7000,0.5890,4.6544
2025-03-28,0.6293,0.6299,0.6108,0.626,21536,300ETF购6月3400,15,0.9934,0.0645,-0.1444,0.0365,0.0008,0.6299,0.6108,510300C2506M03400,3.4000,0.6260,0.6416
2025-03-28,0.4368,0.4368,0.4204,0.4342,98027,300ETF购6月3600,31,0.9534,0.3414,-0.1921,0.1931,0.0008,0.4368,0.4204,510300C2506M03600,3.6000,0.4342,0.4486
2025-03-28,0.2029,0.2029,0.1801,0.1873,1611765,300ETF购6月3900,276,0.7108,1.1965,-0.3063,0.6766,0.1258,0.2029,0.1801,510300C2506M03900,3.9000,0.1873,0.1996
2025-03-28,0.0208,0.0215,0.0185,0.02,24373573,300ETF购6月4500,16793,0.0733,0.4868,-0.0929,0.2753,0.1766,0.0215,0.0185,510300C2506M04500,4.5000,0.0200,0.0091
2025-03-28,0.0049,0.0051,0.0048,0.005,4422094,300ETF沽6月3400,8738,-0.0066,0.0645,-0.0097,0.0365,0.1955,0.0051,0.0048,510300P2506M03400,3.4000,0.0050,0.0006
2025-03-28,0.0195,0.0225,0.0195,0.0201,30628695,300ETF沽6月3700,19336,-0.0978,0.6044,-0.085,0.3418,0.1619,0.0225,0.0195,510300P2506M03700,3.7000,0.0201,0.0136
2025-03-28,0.0352,0.0405,0.0345,0.0383,37449195,300ETF沽6月3800,12815,-0.1788,0.9145,-0.1233,0.5171,0.1623,0.0405,0.0345,510300P2506M03800,3.8000,0.0383,0.0286
2025-03-28,0.0616,0.0702,0.0592,0.067,27304871,300ETF沽6月3900,5567,-0.2892,1.1965,-0.1518,0.6766,0.1636,0.0702,0.0592,510300P2506M03900,3.9000,0.0670,0.0538
2025-03-28,0.1525,0.1731,0.1525,0.167,7728927,300ETF沽6月4100,1413,-0.558,1.3814,-0.1361,0.7812,0.1754,0.1731,0.1525,510300P2506M04100,4.1000,0.1670,0.1427
2025-03-28,0.3032,0.3246,0.3026,0.3123,1825924,300ETF沽6月4300,394,-0.7922,1.0025,-0.0295,0.5669,0.1921,0.3246,0.3026,510300P2506M04300,4.3000,0.3123,0.2827
2025-03-28,0.585,0.5998,0.58,0.586,21953,300ETF沽6月4600,11,-0.9608,0.2967,0.1264,0.1678,0.2454,0.5998,0.5800,510300P2506M04600,4.6000,0.5860,0.5517
2025-03-28,0.284,0.284,0.284,0.284,38,深证100ETF购6月2500,19,0,NAN,0,0,0,0.2840,0.2840,159901C2506M002500,2.5000,0.2840,0
2025-03-28,0.2084,0.2099,0.2084,0.2087,190,深证100ETF购6月2600,25,0,NAN,0,0,0,0.2099,0.2084,159901C2506M002600,2.6000,0.2087,0
2025-03-28,0.1458,0.1458,0.1331,0.141,2450,深证100ETF购6月2700,46,0,NAN,0,0,0,0.1458,0.1331,159901C2506M002700,2.7000,0.1410,0
2025-03-28,0.0919,0.0919,0.0835,0.0893,4214,深证100ETF购6月2800,79,0,NAN,0,0,0,0.0919,0.0835,159901C2506M002800,2.8000,0.0893,0
2025-03-28,0.071,0.0724,0.069,0.0724,3224,深证100ETF购6月2850,170,0,NAN,0,0,0,0.0724,0.0690,159901C2506M002850,2.8500,0.0724,0
2025-03-28,0.0582,0.0582,0.054,0.0551,156,深证100ETF购6月2900,22,0,NAN,0,0,0,0.0582,0.0540,159901C2506M002900,2.9000,0.0551,0
2025-03-28,0.0366,0.0366,0.0318,0.033,10866,深证100ETF购6月3000,324,0,NAN,0,0,0,0.0366,0.0318,159901C2506M003000,3.0000,0.0330,0
2025-03-28,0.0158,0.0158,0.0122,0.0122,6454,深证100ETF购6月3200,210,0,NAN,0,0,0,0.0158,0.0122,159901C2506M003200,3.2000,0.0122,0
2025-03-28,0.0175,0.0182,0.0165,0.0182,2694,深证100ETF沽6月2500,125,-1,NAN,0.099,0,0,0.0182,0.0165,159901P2506M002500,2.5000,0.0182,2.4757
2025-03-28,0.0322,0.0355,0.0315,0.0342,6280,深证100ETF沽6月2600,259,-1,NAN,0.103,0,0,0.0355,0.0315,159901P2506M002600,2.6000,0.0342,2.5748
2025-03-28,0.0447,0.05,0.0447,0.05,662,深证100ETF沽6月2650,62,-1,NAN,0.105,0,0,0.0500,0.0447,159901P2506M002650,2.6500,0.0500,2.6243
2025-03-28,0.1429,0.1474,0.1429,0.1474,134,深证100ETF沽6月2850,22,-1,NAN,0.1129,0,0,0.1474,0.1429,159901P2506M002850,2.8500,0.1474,2.8223
2025-03-28,0.1757,0.1757,0.1757,0.1757,10,深证100ETF沽6月2900,1,-1,NAN,0.1149,0,0,0.1757,0.1757,159901P2506M002900,2.9000,0.1757,2.8719
2025-03-28,0.6312,0.6312,0.6312,0.6312,100,深证100ETF沽6月3400,10,-1,NAN,0.1347,0,0,0.6312,0.6312,159901P2506M003400,3.4000,0.6312,3.367
2025-03-28,0.0849,0.0853,0.076,0.0765,905739,科创板50购6月1000,435,0.6971,2.3264,-0.1331,0.1819,0.1741,0.0853,0.0760,588080C2506M01000,1.0000,0.0765,0.096
2025-03-28,0.0383,0.0402,0.035,0.035,4154819,科创板50购6月1100,1860,0.4389,2.6263,-0.1381,0.2054,0.2383,0.0402,0.0350,588080C2506M01100,1.1000,0.0350,0.0452
2025-03-28,0.0282,0.0282,0.0245,0.0246,4426246,科创板50购6月1150,5503,0.3205,2.3838,-0.1225,0.1864,0.264,0.0282,0.0245,588080C2506M01150,1.1500,0.0246,0.029
2025-03-28,0.0153,0.0153,0.0134,0.0137,4238352,科创板50购6月1250,7947,0.1463,1.5277,-0.0763,0.1195,0.3125,0.0153,0.0134,588080C2506M01250,1.2500,0.0137,0.0106
2025-03-28,0.0033,0.0036,0.0031,0.0033,1845110,科创板50沽6月850,6241,-0.0486,0.6721,-0.0289,0.0526,0.2898,0.0036,0.0031,588080P2506M00850,0.8500,0.0033,0.0032
2025-03-28,0.0144,0.0157,0.0134,0.015,8418741,科创板50沽6月950,11696,-0.1904,1.81,-0.0749,0.1415,0.2749,0.0157,0.0134,588080P2506M00950,0.9500,0.0150,0.0169
2025-03-28,0.0513,0.0574,0.0504,0.0561,7936569,科创板50沽6月1050,1955,-0.4313,2.6181,-0.1007,0.2047,0.3076,0.0574,0.0504,588080P2506M01050,1.0500,0.0561,0.0521
2025-03-28,0.1628,0.1628,0.1628,0.1628,41510,科创板50沽6月1200,10,-0.778,1.9828,-0.0527,0.1551,0.3576,0.1628,0.1628,588080P2506M01200,1.2000,0.1628,0.1513
2025-03-28,0.0724,0.075,0.0662,0.0666,12459225,科创50购6月1050,3414,0.6346,2.4424,-0.1428,0.2007,0.2054,0.0750,0.0662,588000C2506M01050,1.0500,0.0666,0.083
2025-03-28,0.0513,0.0522,0.0457,0.0466,21675988,科创50购6月1100,9156,0.5069,2.5909,-0.1455,0.2129,0.2371,0.0522,0.0457,588000C2506M01100,1.1000,0.0466,0.0575
2025-03-28,0.0252,0.026,0.0224,0.0228,13277197,科创50购6月1200,11474,0.2764,2.1727,-0.1166,0.1786,0.2792,0.0260,0.0224,588000C2506M01200,1.2000,0.0228,0.0244
2025-03-28,0.019,0.019,0.0165,0.017,6880302,科创50购6月1250,9600,0.1894,1.759,-0.0931,0.1446,0.3019,0.0190,0.0165,588000C2506M01250,1.2500,0.0170,0.015
2025-03-28,0.0073,0.0077,0.0065,0.0071,4933120,科创50购6月1400,9865,0.0469,0.6362,-0.0328,0.0523,0.3502,0.0077,0.0065,588000C2506M01400,1.4000,0.0071,0.0028
2025-03-28,0.0096,0.0102,0.0085,0.0098,6938144,科创50沽6月950,8231,-0.1476,1.4983,-0.0659,0.1231,0.2655,0.0102,0.0085,588000P2506M00950,0.9500,0.0098,0.0125
2025-03-28,0.0689,0.0732,0.0638,0.0713,17534469,科创50沽6月1100,5686,-0.4931,2.5909,-0.102,0.2129,0.314,0.0732,0.0638,588000P2506M01100,1.1000,0.0713,0.0659
2025-03-28,0.1045,0.1084,0.0979,0.1071,6058681,科创50沽6月1150,2230,-0.6159,2.4811,-0.0901,0.2039,0.3419,0.1084,0.0979,588000P2506M01150,1.1500,0.1071,0.0961
2025-03-28,0.2439,0.2439,0.2346,0.2387,2425,科创50沽6月1300,6,-0.8761,1.329,-0.0181,0.1092,0.4509,0.2439,0.2346,588000P2506M01300,1.3000,0.2387,0.2153
2025-03-28,0.321,0.33,0.321,0.3291,66686,科创50沽6月1400,171,-0.9531,0.6362,0.0226,0.0523,0.4931,0.3300,0.3210,588000P2506M01400,1.4000,0.3291,0.3082
2025-03-28,0.3489,0.3512,0.3345,0.3401,166,创业板ETF购6月1750,10,0,NAN,0,0,0,0.3512,0.3345,159915C2506M001750,1.7500,0.3401,0
2025-03-28,0.3014,0.3089,0.291,0.2939,7748,创业板ETF购6月1800,280,0,NAN,0,0,0,0.3089,0.2910,159915C2506M001800,1.8000,0.2939,0
2025-03-28,0.254,0.2556,0.2468,0.2468,210,创业板ETF购6月1850,19,0,NAN,0,0,0,0.2556,0.2468,159915C2506M001850,1.8500,0.2468,0
2025-03-28,0.1758,0.1803,0.1648,0.1699,416,创业板ETF购6月1950,19,0,NAN,0,0,0,0.1803,0.1648,159915C2506M001950,1.9500,0.1699,0
2025-03-28,0.1444,0.1444,0.1301,0.1344,3914,创业板ETF购6月2000,150,0,NAN,0,0,0,0.1444,0.1301,159915C2506M002000,2.0000,0.1344,0
2025-03-28,0.1137,0.1137,0.102,0.105,38902,创业板ETF购6月2050,289,0,NAN,0,0,0,0.1137,0.1020,159915C2506M002050,2.0500,0.1050,0
2025-03-28,0.0879,0.0887,0.0793,0.0796,917142,创业板ETF购6月2100,1614,0,NAN,0,0,0,0.0887,0.0793,159915C2506M002100,2.1000,0.0796,0
2025-03-28,0.0526,0.0534,0.0473,0.0481,164276,创业板ETF购6月2200,918,0,NAN,0,0,0,0.0534,0.0473,159915C2506M002200,2.2000,0.0481,0
2025-03-28,0.0406,0.0408,0.0356,0.0356,571630,创业板ETF购6月2250,1306,0,NAN,0,0,0,0.0408,0.0356,159915C2506M002250,2.2500,0.0356,0
2025-03-28,0.0304,0.032,0.028,0.028,255480,创业板ETF购6月2300,1214,0,NAN,0,0,0,0.0320,0.0280,159915C2506M002300,2.3000,0.0280,0
2025-03-28,0.0208,0.0208,0.0183,0.0188,1201520,创业板ETF购6月2400,2838,0,NAN,0,0,0,0.0208,0.0183,159915C2506M002400,2.4000,0.0188,0
2025-03-28,0.0167,0.0167,0.0149,0.0155,222678,创业板ETF购6月2450,1731,0,NAN,0,0,0,0.0167,0.0149,159915C2506M002450,2.4500,0.0155,0
2025-03-28,0.0138,0.0138,0.0123,0.0131,485178,创业板ETF购6月2500,2429,0,NAN,0,0,0,0.0138,0.0123,159915C2506M002500,2.5000,0.0131,0
2025-03-28,0.006,0.0068,0.0058,0.0068,274648,创业板ETF沽6月1750,1936,-1,NAN,0.0693,0,0,0.0068,0.0058,159915P2506M001750,1.7500,0.0068,1.733
2025-03-28,0.0099,0.0101,0.0089,0.0101,574456,创业板ETF沽6月1800,1742,-1,NAN,0.0713,0,0,0.0101,0.0089,159915P2506M001800,1.8000,0.0101,1.7825
2025-03-28,0.0146,0.015,0.0133,0.0149,707306,创业板ETF沽6月1850,2479,-1,NAN,0.0733,0,0,0.0150,0.0133,159915P2506M001850,1.8500,0.0149,1.832
2025-03-28,0.0335,0.035,0.0303,0.0339,1073388,创业板ETF沽6月1950,2409,-1,NAN,0.0772,0,0,0.0350,0.0303,159915P2506M001950,1.9500,0.0339,1.9311
2025-03-28,0.0494,0.0517,0.0449,0.0493,308976,创业板ETF沽6月2000,1015,-1,NAN,0.0792,0,0,0.0517,0.0449,159915P2506M002000,2.0000,0.0493,1.9806
2025-03-28,0.0945,0.1001,0.088,0.0948,1020400,创业板ETF沽6月2100,1675,-1,NAN,0.0832,0,0,0.1001,0.0880,159915P2506M002100,2.1000,0.0948,2.0796
2025-03-28,0.1274,0.1311,0.1174,0.1264,443456,创业板ETF沽6月2150,1177,-1,NAN,0.0852,0,0,0.1311,0.1174,159915P2506M002150,2.1500,0.1264,2.1291
2025-03-28,0.2839,0.2839,0.2839,0.2839,6,创业板ETF沽6月2350,1,-1,NAN,0.0931,0,0,0.2839,0.2839,159915P2506M002350,2.3500,0.2839,2.3272
2025-03-28,0.381,0.384,0.381,0.384,22,创业板ETF沽6月2450,2,-1,NAN,0.097,0,0,0.3840,0.3810,159915P2506M002450,2.4500,0.3840,2.4262
2025-03-28,0.4242,0.4242,0.4242,0.4242,6,创业板ETF沽6月2500,1,-1,NAN,0.099,0,0,0.4242,0.4242,159915P2506M002500,2.5000,0.4242,2.4757
2025-03-28,1.1574,1.1574,1.0856,1.0856,16012,500ETF购6月4722A,6,0.9942,0.0296,-0.2045,0.0482,0.0007,1.1574,1.0856,510500C2506A04800,4.7220,1.0856,1.2339
2025-03-28,0.915,0.915,0.901,0.901,9855,500ETF购6月4919A,5,0.9818,0.0802,-0.2417,0.1307,0.0007,0.9150,0.9010,510500C2506A05000,4.9190,0.9010,1.0416
2025-03-28,0.8511,0.8511,0.8188,0.8188,31701,500ETF购6月5000,12,0.9725,0.1135,-0.2638,0.1848,0.0007,0.8511,0.8188,510500C2506M05000,5.0000,0.8188,0.9636
2025-03-28,0.629,0.6347,0.602,0.6078,265953,500ETF购6月5250,71,0.9196,0.2674,-0.359,0.4356,0.0007,0.6347,0.6020,510500C2506M05250,5.2500,0.6078,0.7311
2025-03-28,0.448,0.448,0.394,0.406,1577725,500ETF购6月5500,722,0.8185,0.4725,-0.4746,0.7696,0.0007,0.4480,0.3940,510500C2506M05500,5.5000,0.4060,0.52
2025-03-28,0.2761,0.2761,0.2366,0.247,6224886,500ETF购6月5750,840,0.6697,0.6489,-0.5593,1.057,0.0936,0.2761,0.2366,510500C2506M05750,5.7500,0.2470,0.3426
2025-03-28,0.155,0.1583,0.1314,0.1376,18746758,500ETF购6月6000,2498,0.4955,0.7145,-0.5655,1.164,0.1315,0.1583,0.1314,510500C2506M06000,6.0000,0.1376,0.2073
2025-03-28,0.0845,0.0851,0.0703,0.075,22272647,500ETF购6月6250,3354,0.3288,0.6477,-0.4871,1.0551,0.1526,0.0851,0.0703,510500C2506M06250,6.2500,0.0750,0.1146
2025-03-28,0.0599,0.0599,0.0492,0.0526,10097616,500ETF购6月6394A,1470,0.2468,0.5654,-0.4165,0.921,0.1622,0.0599,0.0492,510500C2506A06500,6.3940,0.0526,0.0782
2025-03-28,0.0465,0.0468,0.0381,0.0402,16775887,500ETF购6月6500,3412,0.1953,0.4943,-0.3598,0.8053,0.1681,0.0468,0.0381,510500C2506M06500,6.5000,0.0402,0.0579
2025-03-28,0.0327,0.0338,0.0279,0.0299,9473182,500ETF购6月6640A,4872,0.1392,0.3971,-0.2852,0.6468,0.1783,0.0338,0.0279,510500C2506A06750,6.6400,0.0299,0.0379
2025-03-28,0.0262,0.0267,0.0219,0.0232,10441631,500ETF购6月6750,6662,0.1042,0.3239,-0.2306,0.5277,0.1844,0.0267,0.0219,510500C2506M06750,6.7500,0.0232,0.0267
2025-03-28,0.0154,0.0164,0.0136,0.0148,3409361,500ETF购6月7000,4873,0.0502,0.1853,-0.1299,0.3019,0.202,0.0164,0.0136,510500C2506M07000,7.0000,0.0148,0.0113
2025-03-28,0.0105,0.0109,0.009,0.0099,1724893,500ETF购6月7250,4364,0.022,0.094,-0.0651,0.1531,0.2185,0.0109,0.0090,510500C2506M07250,7.2500,0.0099,0.0044
2025-03-28,0.0048,0.0065,0.0048,0.0058,2655731,500ETF沽6月4722A,6491,-0.0058,0.0296,-0.0175,0.0482,0.241,0.0065,0.0048,510500P2506A04800,4.7220,0.0058,0.0011
2025-03-28,0.009,0.0119,0.009,0.0112,6943613,500ETF沽6月4900,10511,-0.0165,0.0736,-0.043,0.1199,0.2342,0.0119,0.0090,510500P2506M04900,4.9000,0.0112,0.0034
2025-03-28,0.0127,0.0165,0.0126,0.0156,4891335,500ETF沽6月5000,6044,-0.0275,0.1135,-0.0658,0.1848,0.2294,0.0165,0.0126,510500P2506M05000,5.0000,0.0156,0.0061
2025-03-28,0.0297,0.0393,0.0295,0.0365,27020570,500ETF沽6月5250,8053,-0.0804,0.2674,-0.1511,0.4356,0.2222,0.0393,0.0295,510500P2506M05250,5.2500,0.0365,0.0212
2025-03-28,0.0691,0.0896,0.0691,0.0841,37711352,500ETF沽6月5500,4405,-0.1815,0.4725,-0.2568,0.7696,0.2239,0.0896,0.0691,510500P2506M05500,5.5000,0.0841,0.0576
2025-03-28,0.113,0.1414,0.113,0.1341,6019526,500ETF沽6月5657A,504,-0.2703,0.5926,-0.311,0.9654,0.2287,0.1414,0.1130,510500P2506A05750,5.6570,0.1341,0.097
2025-03-28,0.1504,0.1834,0.1492,0.1735,20837001,500ETF沽6月5750,2410,-0.3303,0.6489,-0.3315,1.057,0.234,0.1834,0.1492,510500P2506M05750,5.7500,0.1735,0.1277
2025-03-28,0.2785,0.326,0.2785,0.313,5382645,500ETF沽6月6000,910,-0.5045,0.7145,-0.3278,1.164,0.254,0.3260,0.2785,510500P2506M06000,6.0000,0.3130,0.24
2025-03-28,0.3932,0.4155,0.3931,0.4155,426030,500ETF沽6月6149A,48,-0.6068,0.6888,-0.2837,1.1221,0.2686,0.4155,0.3931,510500P2506A06250,6.1490,0.4155,0.3275
2025-03-28,0.4709,0.5123,0.4709,0.4944,1590723,500ETF沽6月6250,416,-0.6712,0.6477,-0.2395,1.0551,0.2821,0.5123,0.4709,510500P2506M06250,6.2500,0.4944,0.395
2025-03-28,1.177,1.177,1.177,1.177,59,500ETF沽6月7000,1,-0.9498,0.1853,0.1474,0.3019,0.4051,1.1770,1.1770,510500P2506M07000,7.0000,1.1770,1.0344
2025-03-28,1.516,1.516,1.516,1.516,15880,500ETF沽6月7378A,5,-0.9861,0.0636,0.2484,0.1036,0.4335,1.5160,1.5160,510500P2506A07500,7.3780,1.5160,1.4
2025-03-28,0.431,0.45,0.425,0.4366,90,中证500ETF购6月1895A,7,0,NAN,0,0,0,0.4500,0.4250,159922C2506M005000A,1.8950,0.4366,0
2025-03-28,0.2809,0.2809,0.2507,0.2589,56,中证500ETF购6月2085A,5,0,NAN,0,0,0,0.2809,0.2507,159922C2506M005500A,2.0850,0.2589,0
2025-03-28,0.2745,0.2745,0.2479,0.2479,26,中证500ETF购6月2100,3,0,NAN,0,0,0,0.2745,0.2479,159922C2506M002100,2.1000,0.2479,0
2025-03-28,0.2284,0.2284,0.2051,0.2051,26,中证500ETF购6月2150,3,0,NAN,0,0,0,0.2284,0.2051,159922C2506M002150,2.1500,0.2051,0
2025-03-28,0.2032,0.2032,0.1823,0.1823,26,中证500ETF购6月2179A,3,0,NAN,0,0,0,0.2032,0.1823,159922C2506M005750A,2.1790,0.1823,0
2025-03-28,0.1848,0.1848,0.1608,0.163,26,中证500ETF购6月2200,3,0,NAN,0,0,0,0.1848,0.1608,159922C2506M002200,2.2000,0.1630,0
2025-03-28,0.1476,0.1476,0.1266,0.1287,1962,中证500ETF购6月2250,103,0,NAN,0,0,0,0.1476,0.1266,159922C2506M002250,2.2500,0.1287,0
2025-03-28,0.0765,0.0765,0.065,0.0683,374,中证500ETF购6月2369A,26,0,NAN,0,0,0,0.0765,0.0650,159922C2506M006250A,2.3690,0.0683,0
2025-03-28,0.064,0.064,0.0557,0.0561,624,中证500ETF购6月2400,32,0,NAN,0,0,0,0.0640,0.0557,159922C2506M002400,2.4000,0.0561,0
2025-03-28,0.0475,0.0475,0.0398,0.0416,6664,中证500ETF购6月2450,218,0,NAN,0,0,0,0.0475,0.0398,159922C2506M002450,2.4500,0.0416,0
2025-03-28,0.0439,0.0439,0.0364,0.0388,2766,中证500ETF购6月2464A,119,0,NAN,0,0,0,0.0439,0.0364,159922C2506M006500A,2.4640,0.0388,0
2025-03-28,0.0262,0.0262,0.0223,0.0229,3878,中证500ETF购6月2550,184,0,NAN,0,0,0,0.0262,0.0223,159922C2506M002550,2.5500,0.0229,0
2025-03-28,0.0251,0.0251,0.0205,0.0228,22496,中证500ETF购6月2558A,406,0,NAN,0,0,0,0.0251,0.0205,159922C2506M006750A,2.5580,0.0228,0
2025-03-28,0.0151,0.0151,0.0127,0.0134,6750,中证500ETF购6月2650,201,0,NAN,0,0,0,0.0151,0.0127,159922C2506M002650,2.6500,0.0134,0
2025-03-28,0.0147,0.0148,0.012,0.013,80596,中证500ETF购6月2653A,764,0,NAN,0,0,0,0.0148,0.0120,159922C2506M007000A,2.6530,0.0130,0
2025-03-28,0.0061,0.0061,0.0048,0.0055,35354,中证500ETF购6月2843A,355,0,NAN,0,0,0,0.0061,0.0048,159922C2506M007500A,2.8430,0.0055,0
2025-03-28,0.0048,0.0048,0.0039,0.0044,16454,中证500ETF购6月2937A,392,0,NAN,0,0,0,0.0048,0.0039,159922C2506M007750A,2.9370,0.0044,0
2025-03-28,0.0059,0.0069,0.0056,0.0069,1104,中证500ETF沽6月1990A,80,-1,NAN,0.0788,0,0,0.0069,0.0056,159922P2506M005250A,1.9900,0.0069,1.9707
2025-03-28,0.0064,0.0076,0.0064,0.0076,14,中证500ETF沽6月2000,2,-1,NAN,0.0792,0,0,0.0076,0.0064,159922P2506M002000,2.0000,0.0076,1.9806
2025-03-28,0.0097,0.0114,0.0095,0.0114,2966,中证500ETF沽6月2050,94,-1,NAN,0.0812,0,0,0.0114,0.0095,159922P2506M002050,2.0500,0.0114,2.0301
2025-03-28,0.0131,0.015,0.0131,0.015,150,中证500ETF沽6月2085A,14,-1,NAN,0.0826,0,0,0.0150,0.0131,159922P2506M005500A,2.0850,0.0150,2.0648
2025-03-28,0.0148,0.0171,0.0145,0.0171,12028,中证500ETF沽6月2100,243,-1,NAN,0.0832,0,0,0.0171,0.0145,159922P2506M002100,2.1000,0.0171,2.0796
2025-03-28,0.0206,0.0252,0.0206,0.0238,5022,中证500ETF沽6月2150,83,-1,NAN,0.0852,0,0,0.0252,0.0206,159922P2506M002150,2.1500,0.0238,2.1291
2025-03-28,0.0319,0.038,0.0319,0.0375,37652,中证500ETF沽6月2200,509,-1,NAN,0.0871,0,0,0.0380,0.0319,159922P2506M002200,2.2000,0.0375,2.1786
2025-03-28,0.0462,0.0539,0.0462,0.0539,636,中证500ETF沽6月2250,41,-1,NAN,0.0891,0,0,0.0539,0.0462,159922P2506M002250,2.2500,0.0539,2.2282
2025-03-28,0.0577,0.0638,0.0577,0.0638,48,中证500ETF沽6月2274A,5,-1,NAN,0.0901,0,0,0.0638,0.0577,159922P2506M006000A,2.2740,0.0638,2.2519
2025-03-28,0.065,0.0752,0.064,0.075,242,中证500ETF沽6月2300,22,-1,NAN,0.0911,0,0,0.0752,0.0640,159922P2506M002300,2.3000,0.0750,2.2777
2025-03-28,0.1645,0.1678,0.1645,0.1678,22,中证500ETF沽6月2450,2,-1,NAN,0.097,0,0,0.1678,0.1645,159922P2506M002450,2.4500,0.1678,2.4262
2025-03-28,0.246,0.246,0.246,0.246,6,中证500ETF沽6月2558A,1,-1,NAN,0.1013,0,0,0.2460,0.2460,159922P2506M006750A,2.5580,0.2460,2.5332
2025-03-28,0.4138,0.4138,0.4138,0.4138,100,中证500ETF沽6月2748A,10,-1,NAN,0.1089,0,0,0.4138,0.4138,159922P2506M007250A,2.7480,0.4138,2.7213
2025-03-28,0.5052,0.5052,0.5052,0.5052,100,中证500ETF沽6月2843A,10,-1,NAN,0.1126,0,0,0.5052,0.5052,159922P2506M007500A,2.8430,0.5052,2.8154
2025-03-28,0.3884,0.3884,0.3749,0.385,104996,50ETF购9月2400,117,0.9458,0.4127,-0.1176,0.2114,0.0784,0.3884,0.3749,510050C2509M02400,2.4000,0.3850,0.3912
2025-03-28,0.2538,0.2538,0.2538,0.2538,1089,50ETF购9月2550,1,0.8371,0.9242,-0.1477,0.4734,0.1205,0.2538,0.2538,510050C2509M02550,2.5500,0.2538,0.2618
2025-03-28,0.223,0.2282,0.218,0.2248,183039,50ETF购9月2600,125,0.7832,1.1022,-0.1561,0.5646,0.141,0.2282,0.2180,510050C2509M02600,2.6000,0.2248,0.2234
2025-03-28,0.193,0.193,0.1866,0.1883,15090,50ETF购9月2650,16,0.7214,1.2604,-0.1622,0.6456,0.1389,0.1930,0.1866,510050C2509M02650,2.6500,0.1883,0.188
2025-03-28,0.1668,0.1668,0.1596,0.1629,429949,50ETF购9月2700,351,0.6536,1.3851,-0.165,0.7095,0.1482,0.1668,0.1596,510050C2509M02700,2.7000,0.1629,0.156
2025-03-28,0.1457,0.1457,0.1323,0.1375,408432,50ETF购9月2750,350,0.5818,1.466,-0.1641,0.7509,0.1517,0.1457,0.1323,510050C2509M02750,2.7500,0.1375,0.1276
2025-03-28,0.12,0.12,0.11,0.113,367414,50ETF购9月2800,399,0.5085,1.4972,-0.1593,0.7669,0.1519,0.1200,0.1100,510050C2509M02800,2.8000,0.1130,0.1028
2025-03-28,0.0971,0.0972,0.091,0.0942,322963,50ETF购9月2850,285,0.4362,1.4784,-0.1509,0.7572,0.1553,0.0972,0.0910,510050C2509M02850,2.8500,0.0942,0.0815
2025-03-28,0.08,0.08,0.075,0.0777,446633,50ETF购9月2900,533,0.3671,1.4137,-0.1394,0.7241,0.1578,0.0800,0.0750,510050C2509M02900,2.9000,0.0777,0.0636
2025-03-28,0.0653,0.0657,0.0614,0.0642,422416,50ETF购9月2950,498,0.3032,1.3115,-0.1256,0.6718,0.1608,0.0657,0.0614,510050C2509M02950,2.9500,0.0642,0.0489
2025-03-28,0.053,0.0566,0.05,0.0523,376143,50ETF购9月3000,612,0.2458,1.1821,-0.1105,0.6055,0.1628,0.0566,0.0500,510050C2509M03000,3.0000,0.0523,0.037
2025-03-28,0.0136,0.0149,0.0131,0.0136,110520,50ETF沽9月2400,843,-0.0542,0.4127,-0.0235,0.2114,0.1664,0.0149,0.0131,510050P2509M02400,2.4000,0.0136,0.0063
2025-03-28,0.0515,0.0557,0.0515,0.0533,132851,50ETF沽9月2600,322,-0.2168,1.1022,-0.0542,0.5646,0.17,0.0557,0.0515,510050P2509M02600,2.6000,0.0533,0.0346
2025-03-28,0.0866,0.0937,0.0866,0.0909,722903,50ETF沽9月2700,645,-0.3464,1.3851,-0.0591,0.7095,0.1742,0.0937,0.0866,510050P2509M02700,2.7000,0.0909,0.0653
2025-03-28,0.1972,0.2079,0.1972,0.2034,8650,50ETF沽9月2900,8,-0.6329,1.4137,-0.0257,0.7241,0.1852,0.2079,0.1972,510050P2509M02900,2.9000,0.2034,0.169
2025-03-28,0.2314,0.2454,0.2314,0.2409,33357,50ETF沽9月2950,56,-0.6968,1.3115,-0.0099,0.6718,0.1921,0.2454,0.2314,510050P2509M02950,2.9500,0.2409,0.2033
2025-03-28,0.2699,0.2828,0.2699,0.2783,31509,50ETF沽9月3000,44,-0.7542,1.1821,0.0072,0.6055,0.1963,0.2828,0.2699,510050P2509M03000,3.0000,0.2783,0.2404
2025-03-28,0.5642,0.5642,0.5505,0.5505,84,沪深300ETF购9月3600,7,0,NAN,0,0,0,0.5642,0.5505,159919C2509M003600,3.6000,0.5505,0
2025-03-28,0.41,0.41,0.3827,0.4005,92,沪深300ETF购9月3800,7,0,NAN,0,0,0,0.4100,0.3827,159919C2509M003800,3.8000,0.4005,0
2025-03-28,0.3332,0.3334,0.3269,0.3269,136,沪深300ETF购9月3900,8,0,NAN,0,0,0,0.3334,0.3269,159919C2509M003900,3.9000,0.3269,0
2025-03-28,0.2575,0.2575,0.2569,0.2569,312,沪深300ETF购9月4000,34,0,NAN,0,0,0,0.2575,0.2569,159919C2509M004000,4.0000,0.2569,0
2025-03-28,0.134,0.134,0.1238,0.1294,236,沪深300ETF购9月4300,28,0,NAN,0,0,0,0.1340,0.1238,159919C2509M004300,4.3000,0.1294,0
2025-03-28,0.0618,0.066,0.0617,0.0635,11082,沪深300ETF购9月4600,185,0,NAN,0,0,0,0.0660,0.0617,159919C2509M004600,4.6000,0.0635,0
2025-03-28,0.0261,0.0261,0.0245,0.0258,12040,沪深300ETF沽9月3600,274,-1,NAN,0.1412,0,0,0.0261,0.0245,159919P2509M003600,3.6000,0.0258,3.5297
2025-03-28,0.0389,0.0389,0.0388,0.0388,46,沪深300ETF沽9月3700,5,-1,NAN,0.1451,0,0,0.0389,0.0388,159919P2509M003700,3.7000,0.0388,3.6277
2025-03-28,0.0831,0.0894,0.0831,0.0885,102,沪深300ETF沽9月3900,8,-1,NAN,0.153,0,0,0.0894,0.0831,159919P2509M003900,3.9000,0.0885,3.8238
2025-03-28,0.2273,0.2273,0.2227,0.2236,250,沪深300ETF沽9月4200,27,-1,NAN,0.1647,0,0,0.2273,0.2227,159919P2509M004200,4.2000,0.2236,4.118
2025-03-28,0.516,0.5231,0.516,0.523,102,沪深300ETF沽9月4600,9,-1,NAN,0.1804,0,0,0.5231,0.5160,159919P2509M004600,4.6000,0.5230,4.5101
2025-03-28,0.5683,0.5683,0.5497,0.5653,58349,300ETF购9月3500,46,0.9432,0.2809,-0.1748,0.3213,0.0008,0.5683,0.5497,510300C2509M03500,3.5000,0.5653,0.5866
2025-03-28,0.4132,0.4132,0.3847,0.395,50653,300ETF购9月3700,71,0.8494,0.5753,-0.216,0.658,0.1122,0.4132,0.3847,510300C2509M03700,3.7000,0.3950,0.4135
2025-03-28,0.33,0.33,0.3126,0.3279,335025,300ETF购9月3800,178,0.7796,0.7294,-0.2337,0.8342,0.1341,0.3300,0.3126,510300C2509M03800,3.8000,0.3279,0.3363
2025-03-28,0.2662,0.2662,0.2504,0.2573,176945,300ETF购9月3900,46,0.6966,0.86,-0.245,0.9836,0.1343,0.2662,0.2504,510300C2509M03900,3.9000,0.2573,0.2671
2025-03-28,0.212,0.212,0.1982,0.2051,306847,300ETF购9月4000,364,0.6045,0.9479,-0.2473,1.0841,0.1426,0.2120,0.1982,510300C2509M04000,4.0000,0.2051,0.207
2025-03-28,0.1624,0.1653,0.1561,0.1613,858448,300ETF购9月4100,343,0.5085,0.9815,-0.2396,1.1226,0.1487,0.1653,0.1561,510300C2509M04100,4.1000,0.1613,0.1564
2025-03-28,0.0982,0.0989,0.0927,0.0968,1222355,300ETF购9月4300,438,0.327,0.8879,-0.1978,1.0155,0.1583,0.0989,0.0927,510300C2509M04300,4.3000,0.0968,0.0825
2025-03-28,0.0798,0.0798,0.0714,0.0735,544117,300ETF购9月4400,341,0.2498,0.7817,-0.1686,0.8941,0.1617,0.0798,0.0714,510300C2509M04400,4.4000,0.0735,0.0576
2025-03-28,0.0586,0.0589,0.055,0.0565,1235073,300ETF购9月4500,1049,0.1849,0.6567,-0.138,0.7511,0.1661,0.0589,0.0550,510300C2509M04500,4.5000,0.0565,0.0392
2025-03-28,0.0363,0.0383,0.036,0.0377,292999,300ETF沽9月3600,435,-0.0961,0.4194,-0.0541,0.4797,0.1777,0.0383,0.0360,510300P2509M03600,3.6000,0.0377,0.0191
2025-03-28,0.0546,0.0588,0.0522,0.0578,1362561,300ETF沽9月3700,820,-0.1506,0.5753,-0.0708,0.658,0.1784,0.0588,0.0522,510300P2509M03700,3.7000,0.0578,0.0332
2025-03-28,0.0807,0.087,0.0807,0.085,577746,300ETF沽9月3800,383,-0.2204,0.7294,-0.0846,0.8342,0.1796,0.0870,0.0807,510300P2509M03800,3.8000,0.0850,0.0541
2025-03-28,0.1155,0.1243,0.1149,0.1207,682254,300ETF沽9月3900,270,-0.3034,0.86,-0.092,0.9836,0.1819,0.1243,0.1149,510300P2509M03900,3.9000,0.1207,0.083
2025-03-28,0.1599,0.1709,0.1596,0.166,933745,300ETF沽9月4000,391,-0.3955,0.9479,-0.0905,1.0841,0.1858,0.1709,0.1596,510300P2509M04000,4.0000,0.1660,0.1209
2025-03-28,0.2084,0.2266,0.2084,0.2204,537207,300ETF沽9月4100,274,-0.4915,0.9815,-0.0788,1.1226,0.1908,0.2266,0.2084,510300P2509M04100,4.1000,0.2204,0.1683
2025-03-28,0.2808,0.2859,0.2753,0.2766,49744,300ETF沽9月4200,43,-0.5856,0.959,-0.0577,1.0969,0.191,0.2859,0.2753,510300P2509M04200,4.2000,0.2766,0.2251
2025-03-28,0.3571,0.3607,0.346,0.346,19635,300ETF沽9月4300,25,-0.673,0.8879,-0.0291,1.0155,0.1972,0.3607,0.3460,510300P2509M04300,4.3000,0.3460,0.2905
2025-03-28,0.4985,0.51,0.4985,0.51,28056,300ETF沽9月4500,12,-0.8151,0.6567,0.0385,0.7511,0.2203,0.5100,0.4985,510300P2509M04500,4.5000,0.5100,0.4433
2025-03-28,0.356,0.356,0.316,0.3213,1850,深证100ETF购9月2500,114,0,NAN,0,0,0,0.3560,0.3160,159901C2509M002500,2.5000,0.3213,0
2025-03-28,0.2814,0.2881,0.2814,0.2855,82,深证100ETF购9月2550,7,0,NAN,0,0,0,0.2881,0.2814,159901C2509M002550,2.5500,0.2855,0
2025-03-28,0.2473,0.256,0.2473,0.2514,240,深证100ETF购9月2600,30,0,NAN,0,0,0,0.2560,0.2473,159901C2509M002600,2.6000,0.2514,0
2025-03-28,0.216,0.2232,0.2133,0.2133,34,深证100ETF购9月2650,4,0,NAN,0,0,0,0.2232,0.2133,159901C2509M002650,2.6500,0.2133,0
2025-03-28,0.1878,0.195,0.1878,0.1936,264,深证100ETF购9月2700,25,0,NAN,0,0,0,0.1950,0.1878,159901C2509M002700,2.7000,0.1936,0
2025-03-28,0.1634,0.1635,0.1599,0.1599,114,深证100ETF购9月2750,15,0,NAN,0,0,0,0.1635,0.1599,159901C2509M002750,2.7500,0.1599,0
2025-03-28,0.1393,0.1413,0.1371,0.1371,168,深证100ETF购9月2800,23,0,NAN,0,0,0,0.1413,0.1371,159901C2509M002800,2.8000,0.1371,0
2025-03-28,0.1063,0.1063,0.0992,0.101,732,深证100ETF购9月2900,42,0,NAN,0,0,0,0.1063,0.0992,159901C2509M002900,2.9000,0.1010,0
2025-03-28,0.0884,0.0884,0.0884,0.0884,6,深证100ETF购9月2950,1,0,NAN,0,0,0,0.0884,0.0884,159901C2509M002950,2.9500,0.0884,0
2025-03-28,0.0753,0.0756,0.075,0.075,44,深证100ETF购9月3000,4,0,NAN,0,0,0,0.0756,0.0750,159901C2509M003000,3.0000,0.0750,0
2025-03-28,0.0502,0.0504,0.0502,0.0503,14,深证100ETF沽9月2500,2,-1,NAN,0.098,0,0,0.0504,0.0502,159901P2509M002500,2.5000,0.0503,2.4512
2025-03-28,0.0739,0.0797,0.0739,0.0797,666,深证100ETF沽9月2600,66,-1,NAN,0.102,0,0,0.0797,0.0739,159901P2509M002600,2.6000,0.0797,2.5492
2025-03-28,0.1331,0.1427,0.1322,0.1427,26,深证100ETF沽9月2750,3,-1,NAN,0.1079,0,0,0.1427,0.1322,159901P2509M002750,2.7500,0.1427,2.6963
2025-03-28,0.1583,0.1687,0.1555,0.1687,304,深证100ETF沽9月2800,22,-1,NAN,0.1098,0,0,0.1687,0.1555,159901P2509M002800,2.8000,0.1687,2.7453
2025-03-28,0.1869,0.1981,0.1836,0.1981,36,深证100ETF沽9月2850,4,-1,NAN,0.1118,0,0,0.1981,0.1836,159901P2509M002850,2.8500,0.1981,2.7943
2025-03-28,0.2179,0.2302,0.2139,0.2302,2008,深证100ETF沽9月2900,94,-1,NAN,0.1137,0,0,0.2302,0.2139,159901P2509M002900,2.9000,0.2302,2.8434
2025-03-28,0.2527,0.2689,0.2497,0.2689,82,深证100ETF沽9月2950,7,-1,NAN,0.1157,0,0,0.2689,0.2497,159901P2509M002950,2.9500,0.2689,2.8924
2025-03-28,0.2958,0.3005,0.282,0.3005,314,深证100ETF沽9月3000,43,-1,NAN,0.1177,0,0,0.3005,0.2820,159901P2509M003000,3.0000,0.3005,2.9414
2025-03-28,0.3787,0.3859,0.3591,0.3859,1092,深证100ETF沽9月3100,73,-1,NAN,0.1216,0,0,0.3859,0.3591,159901P2509M003100,3.1000,0.3859,3.0394
2025-03-28,0.133,0.133,0.1257,0.1275,12368,科创板50购9月950,61,0.7632,1.4454,-0.0927,0.2286,0.1333,0.1330,0.1257,588080C2509M00950,0.9500,0.1275,0.1565
2025-03-28,0.0829,0.0829,0.0769,0.0775,90990,科创板50购9月1050,170,0.5879,1.8232,-0.1052,0.2884,0.2192,0.0829,0.0769,588080C2509M01050,1.0500,0.0775,0.0974
2025-03-28,0.05,0.0505,0.0469,0.0469,62381,科创板50购9月1150,246,0.41,1.821,-0.0992,0.288,0.2551,0.0505,0.0469,588080C2509M01150,1.1500,0.0469,0.0564
2025-03-28,0.0392,0.0395,0.0369,0.0373,283449,科创板50购9月1200,1105,0.3308,1.698,-0.0907,0.2686,0.2711,0.0395,0.0369,588080C2509M01200,1.2000,0.0373,0.0418
2025-03-28,0.0311,0.032,0.0281,0.0281,1923412,科创板50购9月1250,2902,0.2613,1.5232,-0.0802,0.2409,0.2778,0.0320,0.0281,588080C2509M01250,1.2500,0.0281,0.0306
2025-03-28,0.0204,0.0214,0.0195,0.0202,291134,科创板50沽9月900,1946,-0.1626,1.1517,-0.0455,0.1822,0.2883,0.0214,0.0195,588080P2509M00900,0.9000,0.0202,0.0202
2025-03-28,0.037,0.0389,0.0351,0.0383,519095,科创板50沽9月950,1257,-0.2368,1.4454,-0.0555,0.2286,0.3115,0.0389,0.0351,588080P2509M00950,0.9500,0.0383,0.0329
2025-03-28,0.0576,0.062,0.057,0.0603,37914,科创板50沽9月1000,159,-0.3216,1.6786,-0.062,0.2655,0.3265,0.0620,0.0570,588080P2509M01000,1.0000,0.0603,0.0501
2025-03-28,0.0871,0.0898,0.0871,0.0879,20782,科创板50沽9月1050,83,-0.4121,1.8232,-0.064,0.2884,0.3438,0.0898,0.0871,588080P2509M01050,1.0500,0.0879,0.0719
2025-03-28,0.1195,0.12,0.1195,0.12,707,科创板50沽9月1100,2,-0.5031,1.8687,-0.0612,0.2956,0.3618,0.1200,0.1195,588080P2509M01100,1.1000,0.1200,0.0982
2025-03-28,0.1494,0.1494,0.1494,0.1494,869,科创板50沽9月1150,1,-0.59,1.821,-0.0541,0.288,0.3586,0.1494,0.1494,588080P2509M01150,1.1500,0.1494,0.1289
2025-03-28,0.1922,0.1922,0.1922,0.1922,5400,科创板50沽9月1200,10,-0.6692,1.698,-0.0437,0.2686,0.3916,0.1922,0.1922,588080P2509M01200,1.2000,0.1922,0.1634
2025-03-28,0.2355,0.2355,0.2353,0.2354,9520,科创板50沽9月1250,40,-0.7387,1.5232,-0.0312,0.2409,0.4189,0.2355,0.2353,588080P2509M01250,1.2500,0.2354,0.2012
2025-03-28,0.2857,0.2857,0.2735,0.275,147113,科创50购9月800,258,0.954,0.4407,-0.0506,0.0732,0.0008,0.2857,0.2735,588000C2509M00800,0.8000,0.2750,0.3011
2025-03-28,0.227,0.227,0.227,0.227,309,科创50购9月850,1,0.9171,0.6977,-0.0633,0.116,0.0008,0.2270,0.2270,588000C2509M00850,0.8500,0.2270,0.2566
2025-03-28,0.1577,0.1577,0.1477,0.1478,27552,科创50购9月950,60,0.7985,1.2842,-0.0899,0.2135,0.0008,0.1577,0.1477,588000C2509M00950,0.9500,0.1478,0.1768
2025-03-28,0.1214,0.1214,0.1168,0.1168,34909,科创50购9月1000,54,0.7201,1.5371,-0.1001,0.2555,0.1794,0.1214,0.1168,588000C2509M01000,1.0000,0.1168,0.1428
2025-03-28,0.0803,0.0803,0.0707,0.0718,619976,科创50购9月1100,849,0.5448,1.8106,-0.108,0.3009,0.2335,0.0803,0.0707,588000C2509M01100,1.1000,0.0718,0.0883
2025-03-28,0.0625,0.0625,0.0557,0.0562,248044,科创50购9月1150,508,0.4575,1.8117,-0.1051,0.3011,0.25,0.0625,0.0557,588000C2509M01150,1.1500,0.0562,0.0677
2025-03-28,0.0487,0.0487,0.0448,0.045,227466,科创50购9月1200,605,0.3756,1.7328,-0.0984,0.288,0.2671,0.0487,0.0448,588000C2509M01200,1.2000,0.0450,0.0511
2025-03-28,0.0235,0.0237,0.0222,0.0225,59389,科创50购9月1350,424,0.1845,1.2169,-0.0663,0.2023,0.2999,0.0237,0.0222,588000C2509M01350,1.3500,0.0225,0.0201
2025-03-28,0.0045,0.0049,0.0041,0.0049,7783,科创50沽9月800,220,-0.046,0.4407,-0.0192,0.0732,0.2939,0.0049,0.0041,588000P2509M00800,0.8000,0.0049,0.0045
2025-03-28,0.0093,0.0098,0.0081,0.0098,9654,科创50沽9月850,152,-0.0829,0.6977,-0.03,0.116,0.2951,0.0098,0.0081,588000P2509M00850,0.8500,0.0098,0.009
2025-03-28,0.0175,0.0182,0.0166,0.0174,50927,科创50沽9月900,513,-0.1349,0.9913,-0.0417,0.1648,0.2947,0.0182,0.0166,588000P2509M00900,0.9000,0.0174,0.0164
2025-03-28,0.0485,0.049,0.0445,0.0482,442179,科创50沽9月1000,794,-0.2799,1.5371,-0.0609,0.2555,0.3113,0.0490,0.0445,588000P2509M01000,1.0000,0.0482,0.0423
2025-03-28,0.1042,0.1046,0.0964,0.1046,129271,科创50沽9月1100,232,-0.4552,1.8106,-0.0649,0.3009,0.3508,0.1046,0.0964,588000P2509M01100,1.1000,0.1046,0.0859
2025-03-28,0.1397,0.1397,0.1312,0.1332,390967,科创50沽9月1150,560,-0.5425,1.8117,-0.06,0.3011,0.3511,0.1397,0.1312,588000P2509M01150,1.1500,0.1332,0.1143
2025-03-28,0.1775,0.1775,0.1703,0.177,37385,科创50沽9月1200,70,-0.6244,1.7328,-0.0514,0.288,0.3916,0.1775,0.1703,588000P2509M01200,1.2000,0.1770,0.1467
2025-03-28,0.2058,0.2176,0.2058,0.2176,48311,科创50沽9月1250,73,-0.6979,1.5929,-0.0399,0.2648,0.4136,0.2176,0.2058,588000P2509M01250,1.2500,0.2176,0.1826
2025-03-28,0.253,0.2597,0.253,0.2597,770,科创50沽9月1300,2,-0.7618,1.414,-0.0269,0.235,0.4343,0.2597,0.2530,588000P2509M01300,1.3000,0.2597,0.2214
2025-03-28,0.3131,0.318,0.3005,0.3046,1514,创业板ETF购9月1800,97,0,NAN,0,0,0,0.3180,0.3005,159915C2509M001800,1.8000,0.3046,0
2025-03-28,0.238,0.238,0.238,0.238,10,创业板ETF购9月1900,1,0,NAN,0,0,0,0.2380,0.2380,159915C2509M001900,1.9000,0.2380,0
2025-03-28,0.1355,0.1355,0.123,0.1262,11854,创业板ETF购9月2100,168,0,NAN,0,0,0,0.1355,0.1230,159915C2509M002100,2.1000,0.1262,0
2025-03-28,0.1139,0.1139,0.1028,0.1077,45358,创业板ETF购9月2150,352,0,NAN,0,0,0,0.1139,0.1028,159915C2509M002150,2.1500,0.1077,0
2025-03-28,0.0966,0.0966,0.0884,0.0913,7672,创业板ETF购9月2200,114,0,NAN,0,0,0,0.0966,0.0884,159915C2509M002200,2.2000,0.0913,0
2025-03-28,0.0822,0.0822,0.075,0.0783,19602,创业板ETF购9月2250,248,0,NAN,0,0,0,0.0822,0.0750,159915C2509M002250,2.2500,0.0783,0
2025-03-28,0.0683,0.0695,0.0644,0.0667,8380,创业板ETF购9月2300,142,0,NAN,0,0,0,0.0695,0.0644,159915C2509M002300,2.3000,0.0667,0
2025-03-28,0.0596,0.0596,0.0548,0.057,13638,创业板ETF购9月2350,324,0,NAN,0,0,0,0.0596,0.0548,159915C2509M002350,2.3500,0.0570,0
2025-03-28,0.0422,0.0438,0.0389,0.0412,177462,创业板ETF购9月2450,897,0,NAN,0,0,0,0.0438,0.0389,159915C2509M002450,2.4500,0.0412,0
2025-03-28,0.0431,0.044,0.0409,0.0418,16758,创业板ETF沽9月1850,219,-1,NAN,0.0726,0,0,0.0440,0.0409,159915P2509M001850,1.8500,0.0418,1.8139
2025-03-28,0.058,0.059,0.0521,0.0576,19832,创业板ETF沽9月1900,299,-1,NAN,0.0745,0,0,0.0590,0.0521,159915P2509M001900,1.9000,0.0576,1.8629
2025-03-28,0.0757,0.0772,0.0683,0.0772,23418,创业板ETF沽9月1950,340,-1,NAN,0.0765,0,0,0.0772,0.0683,159915P2509M001950,1.9500,0.0772,1.9119
2025-03-28,0.0936,0.0991,0.0928,0.0985,1520,创业板ETF沽9月2000,61,-1,NAN,0.0784,0,0,0.0991,0.0928,159915P2509M002000,2.0000,0.0985,1.9609
2025-03-28,0.1216,0.1229,0.1148,0.1229,5438,创业板ETF沽9月2050,87,-1,NAN,0.0804,0,0,0.1229,0.1148,159915P2509M002050,2.0500,0.1229,2.01
2025-03-28,0.1506,0.1532,0.1417,0.1532,34228,创业板ETF沽9月2100,347,-1,NAN,0.0824,0,0,0.1532,0.1417,159915P2509M002100,2.1000,0.1532,2.059
2025-03-28,0.1787,0.181,0.1707,0.179,4842,创业板ETF沽9月2150,105,-1,NAN,0.0843,0,0,0.1810,0.1707,159915P2509M002150,2.1500,0.1790,2.108
2025-03-28,0.242,0.2505,0.2399,0.2504,1520,创业板ETF沽9月2250,49,-1,NAN,0.0882,0,0,0.2505,0.2399,159915P2509M002250,2.2500,0.2504,2.2061
2025-03-28,0.2835,0.288,0.2835,0.2846,384,创业板ETF沽9月2300,33,-1,NAN,0.0902,0,0,0.2880,0.2835,159915P2509M002300,2.3000,0.2846,2.2551
2025-03-28,0.361,0.3698,0.361,0.3698,72,创业板ETF沽9月2400,7,-1,NAN,0.0941,0,0,0.3698,0.3610,159915P2509M002400,2.4000,0.3698,2.3531
2025-03-28,0.4031,0.4082,0.4031,0.4067,108,创业板ETF沽9月2450,11,-1,NAN,0.0961,0,0,0.4082,0.4031,159915P2509M002450,2.4500,0.4067,2.4021
2025-03-28,1.019,1.0216,0.9708,0.993,110888,500ETF购9月4800,76,0.9609,0.1066,-0.2466,0.3512,0.0007,1.0216,0.9708,510500C2509M04800,4.8000,0.9930,1.2159
2025-03-28,0.89,0.8966,0.8868,0.8966,2922,500ETF购9月4900,3,0.946,0.138,-0.2669,0.4547,0.0007,0.8966,0.8868,510500C2509M04900,4.9000,0.8966,1.1238
2025-03-28,0.8335,0.8335,0.7981,0.8105,98163,500ETF购9月5000,59,0.9275,0.1738,-0.2889,0.5726,0.0007,0.8335,0.7981,510500C2509M05000,5.0000,0.8105,1.0337
2025-03-28,0.6212,0.6212,0.6212,0.6212,1414,500ETF购9月5250,1,0.863,0.2762,-0.3477,0.9099,0.0007,0.6212,0.6212,510500C2509M05250,5.2500,0.6212,0.8201
2025-03-28,0.4522,0.4522,0.4383,0.4397,243161,500ETF购9月5500,63,0.7727,0.3799,-0.4003,1.2516,0.0007,0.4522,0.4383,510500C2509M05500,5.5000,0.4397,0.6283
2025-03-28,0.2231,0.2231,0.1975,0.2049,1078458,500ETF购9月6000,455,0.5399,0.5,-0.434,1.6471,0.116,0.2231,0.1975,510500C2509M06000,6.0000,0.2049,0.3291
2025-03-28,0.1475,0.1499,0.1296,0.1329,4109743,500ETF购9月6250,1672,0.4193,0.4922,-0.4047,1.6215,0.1339,0.1499,0.1296,510500C2509M06250,6.2500,0.1329,0.2246
2025-03-28,0.0655,0.0655,0.0569,0.0615,2190023,500ETF购9月6750,1135,0.2188,0.3717,-0.2856,1.2247,0.1637,0.0655,0.0569,510500C2509M06750,6.7500,0.0615,0.0934
2025-03-28,0.0446,0.0446,0.0388,0.0424,972064,500ETF购9月7000,848,0.1475,0.2904,-0.2182,0.9569,0.1752,0.0446,0.0388,510500C2509M07000,7.0000,0.0424,0.057
2025-03-28,0.0307,0.0307,0.0273,0.0277,1379624,500ETF购9月7250,1161,0.0954,0.2135,-0.1577,0.7035,0.1825,0.0307,0.0273,510500C2509M07250,7.2500,0.0277,0.0336
2025-03-28,0.0299,0.0357,0.0294,0.0332,1025318,500ETF沽9月4800,808,-0.0391,0.1066,-0.0584,0.3512,0.2348,0.0357,0.0294,510500P2509M04800,4.8000,0.0332,0.0131
2025-03-28,0.0361,0.0453,0.0361,0.0447,479627,500ETF沽9月4900,305,-0.054,0.138,-0.0747,0.4547,0.236,0.0453,0.0361,510500P2509M04900,4.9000,0.0447,0.0191
2025-03-28,0.0467,0.0585,0.0467,0.055,197697,500ETF沽9月5000,101,-0.0725,0.1738,-0.0928,0.5726,0.2323,0.0585,0.0467,510500P2509M05000,5.0000,0.0550,0.0271
2025-03-28,0.0876,0.108,0.0876,0.1028,1754284,500ETF沽9月5250,646,-0.137,0.2762,-0.1418,0.9099,0.2354,0.1080,0.0876,510500P2509M05250,5.2500,0.1028,0.0586
2025-03-28,0.2617,0.2997,0.2617,0.2883,619052,500ETF沽9月5750,186,-0.3383,0.4606,-0.2067,1.5176,0.2537,0.2997,0.2617,510500P2509M05750,5.7500,0.2883,0.1923
2025-03-28,0.4179,0.4494,0.4169,0.4345,691475,500ETF沽9月6000,177,-0.4601,0.5,-0.1987,1.6471,0.2713,0.4494,0.4169,510500P2509M06000,6.0000,0.4345,0.3029
2025-03-28,0.5963,0.6325,0.5963,0.6079,891012,500ETF沽9月6250,404,-0.5807,0.4922,-0.1596,1.6215,0.2916,0.6325,0.5963,510500P2509M06250,6.2500,0.6079,0.4435
2025-03-28,0.796,0.8351,0.7957,0.8148,256854,500ETF沽9月6500,114,-0.6899,0.4444,-0.0965,1.4642,0.3217,0.8351,0.7957,510500P2509M06500,6.5000,0.8148,0.6116
2025-03-28,1.0134,1.0542,1.0128,1.0542,113340,500ETF沽9月6750,104,-0.7812,0.3717,-0.0208,1.2247,0.3649,1.0542,1.0128,510500P2509M06750,6.7500,1.0542,0.8025
2025-03-28,1.2404,1.284,1.2395,1.284,106887,500ETF沽9月7000,105,-0.8525,0.2904,0.0563,0.9569,0.397,1.2840,1.2395,510500P2509M07000,7.0000,1.2840,1.0113
2025-03-28,1.4445,1.5201,1.4445,1.4942,364244,500ETF沽9月7250,168,-0.9046,0.2135,0.1267,0.7035,0.4118,1.5201,1.4445,510500P2509M07250,7.2500,1.4942,1.233
2025-03-28,0.2737,0.2737,0.2471,0.2471,26,中证500ETF购9月2100,3,0,NAN,0,0,0,0.2737,0.2471,159922C2509M002100,2.1000,0.2471,0
2025-03-28,0.2334,0.2334,0.2088,0.2119,56,中证500ETF购9月2150,5,0,NAN,0,0,0,0.2334,0.2088,159922C2509M002150,2.1500,0.2119,0
2025-03-28,0.1079,0.1079,0.0997,0.0997,22,中证500ETF购9月2350,3,0,NAN,0,0,0,0.1079,0.0997,159922C2509M002350,2.3500,0.0997,0
2025-03-28,0.0887,0.0887,0.0817,0.0817,2606,中证500ETF购9月2400,111,0,NAN,0,0,0,0.0887,0.0817,159922C2509M002400,2.4000,0.0817,0
2025-03-28,0.0726,0.0726,0.0646,0.0668,1024,中证500ETF购9月2450,65,0,NAN,0,0,0,0.0726,0.0646,159922C2509M002450,2.4500,0.0668,0
2025-03-28,0.0596,0.0596,0.0532,0.0545,872,中证500ETF购9月2500,56,0,NAN,0,0,0,0.0596,0.0532,159922C2509M002500,2.5000,0.0545,0
2025-03-28,0.05,0.05,0.0437,0.045,258,中证500ETF购9月2550,25,0,NAN,0,0,0,0.0500,0.0437,159922C2509M002550,2.5500,0.0450,0
2025-03-28,0.0411,0.0411,0.035,0.0358,2260,中证500ETF购9月2600,96,0,NAN,0,0,0,0.0411,0.0350,159922C2509M002600,2.6000,0.0358,0
2025-03-28,0.0325,0.0353,0.0325,0.0353,1616,中证500ETF沽9月2050,56,-1,NAN,0.0804,0,0,0.0353,0.0325,159922P2509M002050,2.0500,0.0353,2.01
2025-03-28,0.0422,0.0462,0.0421,0.0437,2076,中证500ETF沽9月2100,109,-1,NAN,0.0824,0,0,0.0462,0.0421,159922P2509M002100,2.1000,0.0437,2.059
2025-03-28,0.0564,0.0596,0.0564,0.0589,48,中证500ETF沽9月2150,4,-1,NAN,0.0843,0,0,0.0596,0.0564,159922P2509M002150,2.1500,0.0589,2.108
2025-03-28,0.0922,0.0924,0.0922,0.0924,24,中证500ETF沽9月2250,2,-1,NAN,0.0882,0,0,0.0924,0.0922,159922P2509M002250,2.2500,0.0924,2.2061
2025-03-28,0.1471,0.1545,0.1471,0.1525,52,中证500ETF沽9月2350,6,-1,NAN,0.0922,0,0,0.1545,0.1471,159922P2509M002350,2.3500,0.1525,2.3041
2025-03-28,0.1795,0.186,0.1795,0.186,78,中证500ETF沽9月2400,7,-1,NAN,0.0941,0,0,0.1860,0.1795,159922P2509M002400,2.4000,0.1860,2.3531
2025-03-28,0.2445,0.2534,0.2445,0.2501,556,中证500ETF沽9月2500,56,-1,NAN,0.098,0,0,0.2534,0.2445,159922P2509M002500,2.5000,0.2501,2.4512
2025-03-28,0.3256,0.3283,0.3256,0.3282,716,中证500ETF沽9月2600,68,-1,NAN,0.102,0,0,0.3283,0.3256,159922P2509M002600,2.6000,0.3282,2.5492
2025-03-28,0.3414,0.3806,0.3414,0.3703,1538,中证500ETF沽9月2650,98,-1,NAN,0.1039,0,0,0.3806,0.3414,159922P2509M002650,2.6500,0.3703,2.5982
